Content,Video title,Video publish time,Duration,Views,Watch time (hours),Subscribers,Estimated revenue (USD),Impressions,Impressions click-through rate (%),publish_day,publish_hour
YBcsFGk2pss,"1  ஸ்பூன் மட்டும் போதும் | அனைத்திற்கும் ஒரே தீர்வு- கொழுப்பு, மலச்சிக்கல், குடல் புழு, தொப்பை",24-08-2019,294,2937513,130817.9788,60536,954.862,40980031,5.76,Saturday,0
22EHQIg0l5A,1 ஸ்பூன் போதும் மலச்சிக்கல் நிரந்தர தீர்வு | Constipation Home Remedies in Tamil |Malachikkal remedy,07-01-2021,621,1652500,108649.1649,26365,963.659,20607292,6.77,Thursday,0
azUuUrFRYVo,தண்ணீர் போதும் உடல் கொழுப்பு எளிதில் கரைய | Effective Hot Water Therapy for Weight Loss- Series-3,21-04-2019,437,1383476,78173.5266,54379,496.153,18341856,5.28,Sunday,0
XoURwG9iU_g,விசேஷங்களுக்கு தயாராக இதை மட்டும் செய்தாலே முகம் ஜொலிஜொலிக்கும் | Facial வேண்டாம் இனி | Instant Glow,07-06-2019,277,1165670,44226.8713,18815,303.309,23567244,3.54,Friday,0
Ikmcj5M4OpE,Lose 5kg in 1day- Effective Secret | ஒரே நாளில் 5 கிலோ வரை எளிதில் கரைய செய்யும் ரகசியம்- Series-4,02-05-2019,676,1001213,59051.0205,19822,427.644,14305932,4.95,Thursday,0
6FA2_dDDw6A,Proof Attached | Lose 4kgs in just 10days | Effective Weight Loss Remedy | No Gym | No Diet,10-12-2018,419,869858,42652.8584,9513,395.442,15029448,4.12,Monday,0
Afp_lv7aX14,இடுப்பு சதையை விரைவில் காணாமல் போகவைக்கும் மேஜிக் | Side Belly Fat- Fast Result in 10days,20-07-2019,271,779078,30088.5682,12210,184.825,10466720,5.41,Saturday,0
GzhCqki0l3A,நாள் பட்ட அடி வயிற்று கொழுப்பை 1 வாரத்தில் கரைக்கும் பானம் | Miracle drink to Lose 5Kgs in a week,22-05-2019,418,569358,30242.657,14382,218.232,7908224,5.18,Wednesday,0
oyyEv0yySoA,75 Kgs to 49 Kgs Transformation | How i lost 25 Kgs? | Beginners Tips to Start Weight Loss Journey,07-02-2020,823,511462,35537.7255,7216,275.806,7508273,5.02,Friday,0
9S1y-7Zvqhc,"1 Exercise- Effective Success Secret | தொப்பை, தொடை, கை, இடுப்பு சதை ஒரு உடற்பயற்சி போதும்",05-04-2020,529,495795,25199.2561,7859,67.008,7551117,4.9,Sunday,0
uDRp12PglKI,ஒரே நாளில் உடல் எடை குறைவதை நன்றாக உணரமுடியும் | இது ஒன்னு போதும் | Effective Weight Loss Remedy,08-04-2019,355,450303,21929.8302,5419,192.15,4907216,6.08,Monday,0
HKocyYMFazk,StomachFat=1 EffectiveMantra பலூன் வயிறா? 1 நிமிடம் போதும் காத்து பிடுங்குவது போல் குறைத்துவிடலாம்,15-07-2020,658,377483,20080.0025,4345,67.991,4160724,7.19,Wednesday,0
AU3SA4IJ-vI,Miracle Weight Gain powder for babies | High Protein Rich Powder | Dry Nuts Health Mix powder,25-03-2019,340,342266,13441.0175,5989,91.59,4985273,4.57,Monday,0
Y82RgFcvDS4,3 நிமிடம் போதும் உடல் எடையை மளமளவென குறைக்கலாம் | கொழுப்பை கரைக்க ஈஸியான முறை | Lose 3kgs in 10days,28-12-2019,310,205099,8036.9693,1741,31.953,2742826,5.27,Saturday,0
CAPPKAyHHKU,🏋️I tried BOHO BEAUTIFUL ARM FAT CHALLENGE and THIS HAPPENED😲😳 |Live Experience | 1st time Bloopers😂,16-06-2020,554,203300,9150.172,2474,33.395,2741272,4.86,Tuesday,0
8fmk2IOn9qc,My Weight loss 75-49kgs Part-2 | இவ்ளோ easy-ஆ எடை குறைப்பது😲😮| கஷ்டம் இல்லாம செஞ்சரலாம் வாங்க,13-03-2020,874,195756,10656.2626,2968,52.056,2144405,7.04,Friday,0
XPYGmFZxvrk,எப்பேர்ப்பட்ட எடை உள்ளவர்களும் இதை தொடர்ந்து குடித்தால் கொழுப்பு மளமளன்னு குறைந்திடும் | Detox drink,28-05-2019,424,159598,8499.8196,2699,59.75,1932638,5.01,Tuesday,0
JFYnxkCq-qQ,வேகமாக எடை குறைக்க சிறந்த காலை உணவு | Breakfast recipe for Healthy Weight Loss,25-04-2019,338,159559,5464.9051,1999,61.555,1731401,6.67,Thursday,0
Qe9ome5QPxo,எப்பேர்ப்பட்ட வயதான தோற்றத்தையும் ஜொலிஜொலிக்க வைக்கும் எளிமையான வீட்டு வைத்தியம் | Instant Glow tips,02-07-2019,443,159378,8985.0552,2952,47.379,2972090,3.91,Tuesday,0
zSEDiPf8cH4,👍Challenge எப்பேர்ப்பட்ட எடையும் குறைந்தே தீரும்|Simple Secret for Weight Loss|Lazy peopl fat burner,29-05-2020,504,131147,5853.1259,1008,20.42,1554444,6.77,Friday,0
ge26zXsu5nc,தொண்டை வலி உடனடியாக விரட்டி அடிக்க சூப்பரான Tips | Live Experience | Home remedy for Viral Infection,25-03-2020,158,104851,2808.7926,660,23.692,879106,10.29,Wednesday,0
KtWjyxj0fgM,வேகமாக எடை குறைய 10 எளிய வழிமுறைகள் | Lose 5Kgs in 1 week | 10 ideas to lose weight fast,18-05-2019,615,103180,5924.5062,1268,52.356,1392242,5.15,Saturday,0
CTDozJbTSnw,இந்த 10 தந்திரப் பழங்கள் வேகமாக எடை குறைக்க உதவும் | Top 10 Fruits for effective weight loss,11-05-2019,719,98761,6775.5289,1425,59.235,1547057,4.28,Saturday,0
zGBKMPwQkBE,என்னுடைய எடையை கட்டுப்படுத்த இது உதவியது | An Energy Drink During My Weight Loss Journey,14-02-2020,400,89970,4047.512,819,27.753,1388563,4.78,Friday,0
FSM2uLJeesc,Facial வேண்டாம் இனி| அனைத்து விதமான சரும பிரச்சனைக்கும் ஒரு பொடி போதும்| 1 Powder =All Skin Problems,05-08-2019,348,86927,3620.8536,1642,22.094,1242780,5.28,Monday,0
wiCEsaT-xvE,இவ்ளோவும் பத்து ரூபாய் தானா?? | Street Side Shopping | இன்னும் எது எல்லாம் பத்து ரூபாய்??,24-11-2018,278,85538,3035.5708,1293,2.639,1076227,6.82,Saturday,0
_ZcBfecwSYg,ஒரே மாதத்தில் உடல் எடையில் மாற்றத்தை கொடுக்கும் | வேகமாக எடை குறைக்கும் சிறந்த பால் வகைகள்,03-08-2019,607,81129,3834.8789,732,26.248,1210226,4.59,Saturday,0
auLly4vAMp4,"இந்த காயின் பொடி 1 ஸ்பூன் போதும் | சித்தர்களின் வழிகாட்டல் | - கொழுப்பு, மலச்சிக்கல், மாதவிடாய்",07-11-2019,222,73868,2319.2365,353,22.478,965097,5.88,Thursday,0
DrC-cmXkOys,7 Days 7 Detox Drink for Easy Weight Loss in Tamil | Effective Drinks During My Weight Loss Journey,28-02-2020,809,68200,4720.1703,630,23.363,896495,5.15,Friday,0
MJKy-kod09k,வேகமாக எடை குறைக்க சிறந்த பால் | ஒரே மாதத்தில் மாற்றத்தை கொடுக்கும் | Weight Loss Milk,11-06-2019,289,64421,2249.0263,491,17.674,794595,5.86,Tuesday,0
FpKo7gMnMkI,இந்த தண்ணீர் குடித்து எவ்வளவு kg வேணாலும் சட்டுன்னு குறைக்கலாம்| Budget friendly drink series-1,09-06-2020,283,61948,2040.8824,205,7.465,724207,6.68,Tuesday,0
PkPAAm_4uqI,புதுவித உணவு- வேகமாக எடை குறைக்க சிறந்த காலை உணவு | Breakfast recipe for Healthy Weight Loss,26-05-2019,381,59647,3001.3396,1202,21.868,836873,5.03,Sunday,0
TAvzp1ljcHA,No more exercise | உடல் கொழுப்பு எளிதில் கரைய இந்த உணவு மட்டும் போதும் | Diet chart for Weight loss,20-06-2019,234,57957,1716.2564,280,17.808,613156,7.05,Thursday,0
7c1uCM1_IPg,எடையை இப்படியும் வேகமாக குறைக்கலாம் உடற்பயிற்சிக்கு நேரம் இல்லையா | 100% Balanced Diet Weight Loss,04-06-2019,400,56111,2198.7517,327,18.038,679565,5.91,Tuesday,0
B3Zqx5iKiN4,"தேங்கியுள்ள கொழுப்பை சுலபமாக கரைக்கலாம் சளி, இரும்பல், அஜீரண கோளாறு 1 வாரத்தில் முடிவிற்கு வரும்",27-08-2019,227,55016,1872.4975,651,14.318,741071,5.52,Tuesday,0
YGbrOZPggH4,பெண்கள் நம்மளும் Slim-ஆ structure-ஆ தெரியலாம் | Products ஒரு அலசல் |Shapewear-னா? |kaaramkaalaikaapi,05-03-2020,780,38969,1576.6916,344,7.304,377201,7.81,Thursday,0
lYlQAfj4PVA,"மருகு, வயதான தோற்றத்திற்கு எளிமையான வீட்டு வைத்தியம் |ஒரே தடவையில் மாற்றத்தை கொடுக்கும்|Instant Glow",13-08-2019,357,35660,1361.6271,508,8.299,560089,4.73,Tuesday,0
D5QbQXwUugk,"💥R U READY for 15days Challenge? 😀WeightLoss, Digestion, Hydration Challenge | QuarantineChallenge",31-03-2020,315,35524,1411.2219,348,4.224,476441,4.55,Tuesday,0
Yx60Y9xC_Y4,One of the Coffee Varieties | காபி வகையில் இது ஒன்று | Instant Coffee,17-09-2018,209,32865,819.8213,168,8.696,335103,8.77,Monday,0
gnVVvGz0V34,75kg-50kg வருவதற்கு நம்ம பட்ஜெட்டில் இந்த ஆகாரம் மிகவும் உதவியது|Budget Friendly Weight Loss Drink-2,26-06-2020,416,32791,1194.4468,156,6.278,314527,7.61,Friday,0
3vsdqeR5j70,8 Sarees just Rs.1000●★ | KLM Fashion Mall | Each Saree Costs only Rs.125 | Bangalore Shopping,31-10-2018,541,29627,1168.3336,471,1.995,504313,4.31,Wednesday,0
CAlep7lNTrg,எவ்வளவு குண்டானவர்களும் இதை தொடர்ந்து குடித்தால் கொழுப்பு மளமளன்னு குறைந்திடும் Lose 4Kg in 10days,11-07-2019,391,28599,1186.3584,108,7.935,269130,5.87,Thursday,0
LfqMl6jiaKg,2 நிமிடத்தில் உடல் சூடு குறைக்க எளிய வழிமுறை | Reduce Body Heat in just 2 minutes,13-04-2019,216,27187,867.5231,413,10.689,183983,3.54,Saturday,0
XGLr2eUFcZc,🔥UPDATE:StomachFat=1 EffectiveMantra பலூன் வயிறா? 1 நிமிடம் போதும் குறைத்துவிடலாம்|kaaramkaalaikaapi,17-07-2020,216,26942,737.9173,67,5.084,315391,6.56,Friday,0
yxq517bQ9L8,நைனா மலை | Very Interesting Information | Naina Malai Vlog | புரட்டாசி மாத வழிபாடு கோவில்,09-10-2018,1153,26427,1581.9777,265,7.915,174386,10.16,Tuesday,0
NWUSaOz7DPM,TOP Secret for Weight Loss🤫 | இது எவ்வளவு சாப்பிட்டாலும் எடை அதிகரிக்காது | Business Idea- Meesho,10-09-2019,492,25617,1205.2449,88,7.325,385312,4.88,Tuesday,0
QjbT5qce0zs,Extreme Weight Loss Sweet Recipes | Desserts |Sweets Which Control Cravings |Simple WeightLoss ideas,08-05-2020,625,24414,1084.6565,160,6.385,420768,4.43,Friday,0
WOLUCHu8-WI,Open Talks! | Quarantine Simple Tips for Weight Loss | Lock-Down Workouts and Diet Routine Challenge,05-05-2020,669,23286,1337.5708,144,5.456,291594,5.46,Tuesday,0
1h07e5a0R9o,Handmade Exclusive Collection of Aari Bridal Blouse | Bridal blouse collections with price in Tamil,11-03-2019,272,23153,463.9701,159,3.816,284162,7.13,Monday,0
NtSdC4uvsL0,கை தொடாமல் பூஜை பாத்திரம் சுத்தம் செய்வது எப்படி | How to clean Brass/ Bronze vessels in Easy Method,21-11-2018,184,20201,530.2505,184,2.195,288199,5.46,Wednesday,0
_AAE8zW9hhs,உடல் எடை வேகமாக குறைக்க சூப்பரான ஐடியா | Healthy Weight loss Rasam | Healthy Weight Loss diet,23-07-2019,351,18736,652.5899,69,4.837,235555,5.64,Tuesday,0
3SDwbDzMyss,3kgs சட்டுன்னு குறைக்கலாம்😀 Summer Weight Loss Drink|1Cup Challenge எடுக்கலாம் வாங்க| KKK,18-05-2020,229,18399,504.9649,41,2.276,222249,5.56,Monday,0
L7WvssFCZJE,எடை குறைக்க டயட் பட்டியல் | Lose 3kgs in a week | காலை முதல் இரவு வரை | Low Carb food ideas,01-03-2019,689,17183,978.8417,133,7.871,124203,3.96,Friday,0
mRFUOpTo-yE,அட்டகாசமா எடை குறைக்க சூப்பர் டிப்ஸ் | Weight loss Motivational ideas| Simple Weight loss method,21-04-2020,630,16431,775.4919,120,2.835,224021,5.17,Tuesday,0
5Zdywg6RDxg,"வயதான தோற்றம், கருவளையம், கரும்புள்ளி இவை அனைத்திற்கும் இது 1 சொட்டு போதும் | Instant Glow Tips",22-09-2019,240,15736,532.4878,77,4.508,249042,4.19,Sunday,0
NRyg3fTaM5k,5 Kurthi's Rs.777 ?? | KLM Fashion Mall | My Diwali Collections | Bangalore Shopping,02-11-2018,514,15679,485.5451,103,3.491,189104,4.89,Friday,0
zwJIypNRLiU,பிரசவத்திற்கு பின் இதை தடவினால் தொப்பை கடகடவென கரைந்துவிடும் | நீங்களும் சிக்குன்னு ஆகலாம்,21-08-2019,338,15380,562.5931,111,2.931,188595,4.49,Wednesday,0
AZgE909G4A0,Weight Loss Snack idea | நொறுக்கு தீனியை தவிர்த்து இது மாதிரி எடுத்துக்கொள்ளுங்கள்,15-07-2019,628,15162,636.2537,74,4.932,140014,5.56,Monday,0
ALBDQUrmoYE,முடி நீளமா வளர இது ஒன்னு போதுமே அறிவியல் உண்மை | முடி கொத்து கொத்தாக கொட்டுகிறதா???,31-01-2020,292,13790,558.2412,47,3.102,183552,4.68,Friday,0
Wm5tiuEazeI,"Only 3 Ingredients in Lock-Down Without Baking Powder, Maida, Oil Egg, Oven| கோதுமை வாழைப்பழம் கேக்",23-04-2020,381,11456,382.0561,36,1.731,159267,5.14,Thursday,0
wGRgUuWWugg,Proven Weight loss Facts | 7 days 7 simple Food Items To Burn The Extra Fat | Fat cutter ideas,08-01-2019,681,11354,554.1863,137,6.475,94448,3.7,Tuesday,0
5Mrw9iyo7go,2mins கேரளா ஸ்பெஷல் குலுக்கி | Effective Weight loss drink | kulukki sarbath in just 2mins,04-04-2019,265,10520,348.287,45,3.332,163574,3.53,Thursday,0
WgiUKNBUPrE,முகம் எப்போதும் பிரகாசமாகவும் பொலிவுடனும் இருக்க இதை மட்டும் தான் நான் செய்வேன் | Instant Glow,18-07-2019,641,10434,518.7497,68,3.889,136539,3.64,Thursday,0
vgEPeJAaR9c,Result in just 3 days Homemade Skin Whitening & Hair smoothening Gel | DIY In 5mins 2in1 gel- Tamil,24-03-2019,227,9661,163.4711,53,3.756,52367,2.93,Sunday,0
PjgnfMn2Sr8,FREE FREE FREE | Rs.10000 apparel i got it for FREE | என்னது இத்தனையும் இலவசமாவா? | Free Shopping,24-12-2018,683,9313,211.7252,118,6.679,132454,5.05,Monday,0
ScekVhHZbKA,100% long and bouncy hair solution | Homemade 2minutes work for black hair | Permanent solution,11-11-2018,200,9246,157.6534,38,2.844,33150,2.79,Sunday,0
45aVotJsgAg,வெறும் 1/2 ஸ்பூன் போதும் 10 நாட்களில் 4 கிலோ எடை கூடும் அதிசயம்  | Gain Weight Fast | Miracle drink,29-01-2020,251,9066,238.9584,21,1.766,85579,4.27,Wednesday,0
oxSi7suAZzk,அசால்டாக kgs குறைத்து விடலாம் வாங்க| Low Budget Weight Loss Drink| Budget Friendly Drink series-3,07-07-2020,324,9044,342.0428,-16,1.837,134011,4.45,Tuesday,0
VRs2kmwAPkE,Where to buy reasonable price Designer handbags in Bangalore | Clutches & Purse collections,03-01-2019,451,8598,242.6952,110,2.97,124798,5.58,Thursday,0
lD0oSs9rRfU,"இப்படிதான் நான் திரும்பவும் எடை குறைத்து, கலர் ஆனேன்| My Skin Color Transformation Secret",30-06-2020,635,8563,364.5101,8,1.62,127058,4.6,Tuesday,0
u-DNbqh_cxE,Maybelline Products Review | Winter Offer | Baby Lips | 630 flaming fuchsia | Tinted LipBalm,06-11-2018,259,8370,120.5764,30,3.49,42846,10.54,Tuesday,0
oysqC_qd164,Saree-இல் (+)Size பெண்கள் Slim-ஆ தெரிய அட்டகாசமான Tricks & Tips| Tricks To Look Slim in Sarees,02-08-2020,613,7493,351.0301,-52,1.651,105205,3.6,Sunday,0
cuAPrrIIvRA,வேகமாக எடை குறைக்க சிறந்த காலை உணவு | Breakfast recipe for Healthy Weight Loss,08-08-2019,224,7472,186.1504,18,1.918,121199,3.99,Thursday,0
rwlhMyqD1ZY,❤️அப்பா❤️ #fatherdaughter #dad #relationship #missing #memories #trending #reels #tamilmotivation,03-08-2025,51,7297,13.4132,9,0.019,1769,2.94,Sunday,0
NEdXMiydEDs,Weight Loss Sweet Recipe-1 | Lock-Down Sweet to Lose Weight Fast | Quarantine Sweets for Weight Loss,01-05-2020,474,7283,284.1405,50,0.985,122535,4.1,Friday,0
nBUQubbl-Nw,Lose 4kgs | 1 Minute 1 Glass Weight Loss Challenge | Budget friendly Weight Loss Drink at home | KKK,31-12-2020,349,7145,260.7471,4,1.894,74229,7.46,Thursday,0
ZVK2H98fSIo,Shop 8 Sarees just Rs.1000●★ | KLM Fashion Mall | Each Saree Costs only Rs.125 | Bangalore Shopping,20-05-2019,385,6945,168.0653,29,1.894,148610,2.87,Monday,0
UawjsOBaZfQ,Paal kolukattai | inippu kolukattai| Fooddata| KaaramKaalaiKaapi | vinayagar chathurthi special,02-09-2024,60,6675,47.3812,9,0.062,4623,4.69,Monday,0
5H6g65_dkWo,"🔥15-20kgs குறைக்கும் டயட்- 🏋️No Exercise ""Top Best Diet"" Lose 15kgs weight| The best diet in India",25-08-2020,788,6411,314.3102,-110,2.934,124002,3.45,Tuesday,0
tkgsVEn8MzE,உடல் எடையை வேகமாக குறைக்க செய்யும் | டயட் இருப்பவர்கள் கண்டிப்பாக எடுத்துக்கவேண்டிய ஒன்று,19-08-2020,275,6293,174.559,-76,1.344,90480,4.43,Wednesday,0
M49tCL407B8,விசேஷங்களுக்கு முன் இதை தொடர்ந்து செய்தாலே முகம் ஜொலிஜொலிக்கும் | Skin Whitening Magical Drink,07-07-2019,281,6239,211.402,32,1.768,87232,3.99,Sunday,0
Xuurp3JKrwo,எங்கள் வீட்டு குட்டி கிருஷ்ணர் லூட்டிகள் | கிருஷ்ண ஜெயந்தி பூஜை முறை | Krishna Jayanthi Pooja,01-09-2018,605,6227,185.476,33,0.633,75445,5.59,Saturday,0
1HuvBBmI9yo,எனக்கு ஏன் எடை குறையவே இல்லை? Live உங்கள் கேள்விக்கான பதில்,22-06-2020,3032,5987,196.1669,-17,1.308,98537,3.67,Monday,0
Z82-2c8ZEas,"Extreme Weight Loss Drink| Loss Belly Fat Fast + Skin Glowing, Whitening Drink{Bridal Series}",03-03-2021,327,5973,173.3792,-379,2.961,111629,4.1,Wednesday,0
8dWU0cMpUuQ,Best Anti Aging Solution| அற்புத சக்தி கொண்ட பூ | எப்பேர்ப்பட்ட வயதான தோற்றத்தையும் ஜொலிக்க வைக்கும்,29-08-2019,312,5919,233.0002,55,2.002,151005,2.56,Thursday,0
YBnCqzcbDEk,TESTING Out Viral Life Hacks by 5 MINUTE CRAFTS in Tamil | Kaaramkaalaikaapi,23-02-2020,702,5794,275.8718,16,1.284,133067,3.21,Sunday,0
aYEyyhlbKq4,Offers & Discounts | Bangalore Shopping | Multi Store Shopping,30-10-2018,652,5790,274.606,48,0.342,102572,4.21,Tuesday,0
WpNITxEXbe8,"1/2  ஸ்பூன் மட்டும் போதும்| அனைத்திற்கும் ஒரே தீர்வு- கொழுப்பு, மலச்சிக்கல், குடல் புழு, தொப்பை| KKK",04-02-2021,287,5508,193.4906,-27,1.834,80758,4.75,Thursday,0
JAbW556Sqsw,வேகமாக எடை குறைக்க சிறந்த உணவு | Breakfast recipe for Healthy Weight Loss,27-01-2020,157,5396,110.807,2,1.341,77554,4.29,Monday,0
axfMXK1wEmw,உடல் எடையில் வேகமான மாற்றத்தை கொடுக்கும் மேஜிக் | சோயா பால் | பாதாம் பால்,04-10-2019,133,4965,80.9569,-11,1.588,101694,3.02,Friday,0
SZSKtrSKwb0,Tirupati Temple also located in Bangalore?? | திருப்பதி கோவில் பெங்களூரில் உள்ளதா?? | Travel Vlog,23-10-2018,513,4863,237.6263,53,2.783,81631,4.71,Tuesday,0
UolD0iZrxRI,"பாட்டி கூறும் ரகசியம் |வயிறு மதமதப்பு, உணவின் மீது வெறுப்பு |weight loss reason |குழந்தை சாப்பிடலையா",08-09-2019,282,4750,154.6514,-6,0.843,98708,2.67,Sunday,0
GkLWVKprhJY,இது சாப்பிட்டா Weight போடவே போடாது|Snacks சாப்பிட்டுக்கொண்டே Weight குறைக்கலாம்|BudgetFriendlySnacks,29-07-2020,366,4628,159.3602,-30,0.821,89775,3.02,Wednesday,0
rUzrE__Impw,100 வகை தோசையா? | 10 Category Dosa's? | 10 Weight Loss Dosa's | Channel Update | WorkFromHome Dosa's,22-03-2020,411,4614,138.4148,36,0.725,81902,3.25,Sunday,0
6G_TnPLHgdQ,Rs.3/Rs.4/Rs.10/Rs.20/Rs.50/Rs.100/Rs.200 Trending Earring Collections,11-01-2019,362,4564,97.3039,54,1.966,47461,3.68,Friday,0
GXfBlBniwas,Fruit Jelly Cake in Tamil | Homemade Jelly | Kids Favourite,15-07-2018,208,4548,98.7275,28,0.743,146019,2.05,Sunday,0
DZN_nENcISk,"இந்த வேர், இலை மட்டும் போதும் கரும்புள்ளி, தேமல், முகப்பரு தழும்புகள், அரிப்பு,Uneven SkinTone,ரோமம்",26-04-2020,287,4392,144.477,-8,0.735,95772,2.35,Sunday,0
mJ8jDIIiO4A,Life Change🤔 | இதுதான் என்னுடைய சுறுசுறுப்பான காலை வேலைகள்🥳 | யாரும் சொல்லிடாத Tips🤩,29-03-2020,763,4028,189.2351,1,0.795,104048,2.42,Sunday,0
JAyGXGrRfY4,யோசனை-உடல் எடையை குறைத்து பழைய எடையை தக்க வைத்துக் கொள்ள!இந்த பொருள் உபயோகித்து பார்த்திருக்கீங்களா?,16-08-2020,818,3916,169.6834,-37,2.44,67173,3.44,Sunday,0
RFfgysT09iY,வரகு கிச்சடி | Kodo Millet Khichdi | Healthy One-Pot Meal| Millet Food Idea| Satvic recipes,05-08-2024,61,3618,19.4496,4,0.038,21703,3.63,Monday,0
19yI7ExPbr8,"1 ஸ்பூன் மட்டும் போதும் அனைத்திற்கும் ஒரே தீர்வு-கொழுப்பு, மலச்சிக்கல், குடல்புழு, தொப்பை WeightLoss",11-12-2022,294,3547,120.3072,-12,1.772,38892,7.57,Sunday,0
A-yr9KSYRRQ,இனிமையான மாலை பொழுது | First Vlog- My Sunday Noon to Evening Vlog,16-04-2019,835,3506,163.5517,24,1.73,68294,3.99,Tuesday,0
AQvh4Yx8gyQ,Healthy Breakfast To Dinner ideas for 10+Months to 2yrs | ஒரு வயது குழந்தைக்கான சத்தான உணவு பட்டியல்,31-10-2018,448,3505,168.6672,86,1.077,29790,2.47,Wednesday,0
GDL6PpcXeKE,Beetroot Sweet| Diwali Recipe| Fooddata| KaaramKaalaiKaapi| Diwali sweets| Quick dessert| Easy Sweet,27-10-2024,60,3504,27.6042,5,0.034,5334,1.42,Sunday,0
2ruktFOyPs4,Ragi Rice Mudde| Ragi Kali| ராகி களி | Ragi balls| kelvaragu,08-08-2024,60,3353,16.9519,2,0.036,4058,2.66,Thursday,0
HKz6E8teuio,Miracle Natural Sweetener for Baby Food | White Sugar Replacement | Rich in Iron & good Calories,29-03-2019,223,3290,75.7878,42,1.032,49803,1.28,Friday,0
of7OjT_CigA,#PUTHUVARUSHAM2020 #WEIGHTLOSSTIPS #BEAUTYTIPS #SUMMERTIPS #1st LIVE,14-04-2020,2112,3228,63.8042,-4,0.594,64071,3.27,Tuesday,0
tjGu6lBONzQ,A small present to him😍0-10months Collections | Memorable Photo and Video Clippings of Vithul | KKK,13-04-2020,357,3225,82.6618,-1,0.305,67676,2.83,Monday,0
ilLJAT965T4,Alien👽poochi in my home😱நல்லா சொதப்பிட்டேன்🙆 Youtube சொதப்பல் Challenge| Prank |Sisters atrocities,16-05-2020,610,3083,99.1639,-22,0.384,76348,2.22,Saturday,0
9_ysDn7yf90,1 Bowl- Effective result |Lose Weight Gradually |Healthier Version Of Us |Diet Starts #shorts #short,24-11-2021,6,3041,6.9853,-3,0.003,10413,4.74,Wednesday,0
92R2C6EkmS0,100% இலவச ஷாப்பிங் | 5000 ரூபாய் டாப் பிராண்டட் டிரஸ் முற்றிலும் இலவசம்,05-12-2018,395,2867,101.7908,68,0.411,45446,2.75,Wednesday,0
UqYsCshERXw,டயட் நேரத்தில் இது மாதிரி உணவு  எடுத்துக்கொண்டால் நல்லது | Food to restore energy | Rich in fibre,28-12-2018,145,2795,36.6315,11,1.255,44938,2.61,Friday,0
gxFaZ6xkhQw,Best Pongal Kolam Designs | Sankranthi rangoli Kolam Designs | Kolam Designs for Competitions,14-01-2019,231,2789,44.1853,6,0.422,175068,1,Monday,0
1E2sWe5keVY,உடல் எடை அதிகரிக்க | Miracle Weight Gaining Food | எதிர்ப்பு சக்தி கூட Immunity & Brain Booster,29-04-2019,311,2728,84.6159,22,0.944,68709,1.94,Monday,0
HfIKaq4XuWY,"எடை குறைய, ஞாபகசக்தி அதிகரிக்க, கூடுதல் கண்பார்வை, கேன்சர் குணமடைய ஒரு பழம் பலவித நன்மைகள் |1 Fruit",19-01-2020,255,2670,48.4538,-10,0.915,56753,1.95,Sunday,0
2x13w-vVeHo,ஒரு முறை இப்படி செய்து பாருங்களேன் | Amruthaphalam | Moar Kali | மோா் களி | Ayyangar special,27-08-2018,181,2656,65.2475,30,1.002,33661,6.01,Monday,0
zWxP9CHgY1k,Healthy Recipe for easy Weight Loss | Breakfast/ Dinner Recipe idea to lose Weight Fast,21-01-2019,219,2627,55.6966,7,1.113,64376,1.89,Monday,0
h3FfofKK22A,என் டைரியில் சென்னையில் ஒரு நாள் | Success Stories | HeloEvent @ guindy | YouTubers Meet | DIML,15-10-2019,613,2522,90.1472,-29,2.053,78939,2,Tuesday,0
LJQb_M6iA_Y,தெய்வம் தந்த பூவே | Teaser | Cover Dance by Muthuladdu Muthuladdu | KaaramKaalaiKaapi| SaranyaMohan,28-10-2020,81,2358,26.6331,-57,1.07,39997,2.71,Wednesday,0
iyfZmPd_TTs,தினை அல்வா in tamil | Foxtail Millet Halwa | Evening snacks | Sweet and Savory recipes,03-07-2018,379,2315,82.3537,18,0.819,56701,2.53,Tuesday,0
raGiG4_0ly4,Ladies Items below Rs.100 | Business Idea | Tea Shirts for Rs. 20 | Designer Bags for Rs. 100,26-12-2018,443,2239,73.281,24,0.595,47399,3.27,Wednesday,0
sppZLRhHTvQ,Diwali Recipe | எள்ளு வடை | எள்ளு அப்பளம் | Seasme Vada | Seasme Papad,21-10-2018,194,2229,49.8454,8,0.512,34544,5.05,Sunday,0
gxLcZ4Tw35g,🔥🏋‍♂️5 Mins Beginner Friendly Standing Arm Workout| LIVE EXPERIENCE| How To Reduce Arm Fat In 10Days,30-01-2021,542,2208,81.2933,-1,0.997,37754,3.14,Saturday,0
jT_JPL9vQcw,Weight Loss Dosa | Lock-Down Cake | Quarantine bday celebration | Activities for babies | Fun Vlog,18-04-2020,605,2190,72.4474,-18,0.319,70105,1.77,Saturday,0
HK-CfJmQu3w,அதிரசம் எளிய முறையில் | Adhirasam using Jaggery | Athirasam | Diwali sweet recipe | Kachayam,31-08-2018,268,2189,63.9162,26,0.382,64824,1.9,Friday,0
lrzeBUqKML8,❤தாரமாகாமலே தாயாகிவிடுகிறாள் தமக்கையின் குழந்தையை தன் குழந்தை போல் எண்ணுவதால்❤|Love| Whatsapp Status,20-11-2022,16,2181,7.7724,3,0.005,11469,3.61,Sunday,0
s5Gi4uBBSIg,"🙄ஒரே நாளில் 3kg weight குறைந்திருப்பேன்🙆‍♀️| எங்களுக்கு காத்திருந்த அதிர்ச்சிகளும், ஆச்சரியங்களும்",19-01-2021,990,2168,85.5834,-46,1.023,38268,2.89,Tuesday,0
5TLFPgQb_M4,Vinayagar chaturthi pooja Arrangements in Tamil | Ganesh chaturthi pooja Step by Step procedure,07-09-2018,1104,1925,68.4429,12,0.209,52181,2.41,Friday,0
kka6ZA2T_yQ,Kaara Saaramana Poondu chutney| Fooddata| KaaramKaalaiKaapi| Garlic Chutney Recipe| Chutney ideas,18-10-2024,60,1698,7.1227,4,0.017,2128,2.26,Friday,0
Ly0JvfePECA,New Variety of Mysore Pak using Watermelon seeds | Kidney disease curing diet recipe,24-07-2018,254,1638,40.9475,14,0.451,48489,2.45,Tuesday,0
TzNKbARAaqg,Effort brings prosperity| Start with confidence you'll surely succeed| MotivationalMorning| Selfcare,28-07-2025,64,1637,2.2399,0,0.009,1014,1.38,Monday,0
6KdxnFpKwjE,என்னதான் அதில் இருக்கும் அப்படி ?!? | A Sneak Peak of Food Data,23-03-2020,79,1626,12.8669,-4,0.36,55583,1.49,Monday,0
maeyawOEKNs,இயற்கையின் ஆத்மார்த்தமான அணைப்பு #tamillove #ytshortstamil #travel #vlog #அழகு #அன்பு #minivlog,23-07-2025,75,1600,3.3517,0,0.01,1255,1.83,Wednesday,0
xT84KPG5ckE,🥞பஞ்சு போல 10 நிமிடத்தில் அரிசி அப்பம்😍 |மிருதுவான அப்பம் | Fooddata| KaaramKaalaiKaapi,25-08-2024,61,1579,10.1408,0,0.017,981,4.99,Sunday,0
MW2BJ2rSmQQ,மோா் முறுக்கு | தேன்கூழல் | Butter Milk Murukku | Diwali Recipe | New Recipe 2018,07-10-2018,204,1555,43.9686,19,0.511,32926,3.67,Sunday,0
axk-61GkTVs,CRAZY Punishment ever | 30 Bananas Eating Challenge 6 Mins | Healthy Food Challenge Saranya & Santhi,18-11-2018,303,1540,38.2265,7,0.226,30434,3.22,Sunday,0
xFTyNAtAF6s,Petty Shop Biscuit Cake in Cooker and Kadai | இப்படிகூட கேக் செய்யமுடியுமா? | without Oven and Egg,30-05-2019,359,1523,40.7688,0,0.445,93998,0.92,Thursday,0
pObSfj4lTVU,N(Base2)aughty Ice Cream?? | இப்படி எல்லாம் கூட ஐஸ் கிரீம் இருக்கா!!!,14-10-2018,729,1353,72.8074,9,0.287,24662,3.25,Sunday,0
smXttOQ-HRU,Basundi | 2 ingredients Milk dessert ready | Milk dessert | Festival sweet | Diwali Recipe,03-09-2018,214,1300,31.4776,4,0.079,36006,1.49,Monday,0
CgUR3Z5WCDk,பிரம்மாண்ட பயணம் |Amazing Places |தாய்லாந்தில் தர்பார் |Top Places in Thailand |Tour Guide| சுற்றுலா,25-01-2020,1101,1283,51.8873,-3,0.789,44875,1.01,Saturday,0
15_H_Ruop-Q,2 EASY BISCUIT/COOKIES RECIPE IN COOKER | EGG-LESS & WITHOUT OVEN in Tamil,23-08-2019,404,1251,34.928,-2,0.35,92636,0.75,Friday,0
tWce-alZ49A,"எழுந்தவுடன் முதலில் காபி / டீ  குடிப்பவரா நீங்கள்?? | ""Not to Skip"" Video | Coffee Good Or Bad??",25-01-2019,341,1250,41.8935,16,0.602,38300,2.39,Friday,0
guwTG4pPdvs,கிருஷ்ண ஜெயந்தி பூஜை முறை | Krishna Jayanthi Step by Step Guide | எங்கள் வீட்டு கிருஷ்ணர் லூட்டிகள்,22-08-2019,604,1236,45.9181,-1,0.593,54995,1.07,Thursday,0
_AzlnU6et1Q,Eggless Mug Cake Without oven in 2mins | Kids Favourite | Mug Cake in Idly Cooker in Tamil,12-07-2018,200,1224,30.2233,6,0.122,25083,2.39,Thursday,0
MHKcoY9naNA,Mindset is the first weapon| Focus on desire| MotivationalVideos| Motivationalquotes| Rise & Fight,10-07-2025,45,1203,1.6649,2,0.007,821,0.85,Thursday,0
qYTHsdB9GJI,Healthy Beetroot ghee mysore pak #ytshorts #shorts #diwali #sweet,10-11-2023,60,1156,5.6211,3,0.01,3784,2.59,Friday,0
hkVrvIAZH2g,7 days 7 New Milkshake Ideas | 7 நாள் 7 வகையான Milkshake | New Milkshake methods,30-03-2019,665,1143,49.6832,10,0.612,46186,1.33,Saturday,0
tUJB9IbgN6o,Pachapayaru kootu| Pachapayaru kathirikai kootu| Fooddata| KaaramKaalaiKaapi|Greengram curry|kulambu,17-09-2024,60,1137,6.1023,2,0.015,4346,1.7,Tuesday,0
3aJkmxjP1GY,Homemade Dates Pan Beeda|Healthy Delight | Sweet receipe| Food data| Snacks for kids| @YouTube,28-01-2025,61,1093,5.9155,2,0.017,6306,3.92,Tuesday,0
YQKupJ0VtfU,கோவை சமையல் | Kongunattu Special Recipe | Lunch Menu | Quick Recipe | மின்னல் வேக சமையல்,01-10-2018,310,1091,25.0886,15,0.289,17114,2.06,Monday,0
bnJ8Tivmw0k,"Curry Leaf Infused Potato Roast! 🌿Side dish for Curd rice, Rasam, Variety rice, Chapathi, Parotta",02-08-2024,61,1073,5.1831,3,0.016,4527,4.22,Friday,0
lU7uNHk8sX4,Sliced Egg Masala Mix Dosa | Egg Dosa Variety,06-12-2018,133,1072,17.7566,2,0.14,43521,2.03,Thursday,0
c1ZXCt7SNFY,6 Egg Dosa Varieties | Now its EGGS Turn | 6 வகை முட்டை தோசைகள் | முட்டை தோசை,01-12-2018,513,1032,38.1323,9,0.121,36506,1.61,Saturday,0
m9bBnHfgkCQ,Kids Weight Gain Snack recipe|Snack idea| Kids snacks| evening snacks | Lunch box #ytshorts #diwali,08-11-2023,59,1028,5.4004,5,0.009,2417,3.43,Wednesday,0
Xjtft1xSb84,Heart Melting BGM❤                #shorts #trending #short,07-02-2022,16,1016,3.7031,-6,0.012,14672,2.64,Monday,0
R7XrGaE7tdE,Bread spread| Bread recipe| Almond butter| Peanut butter| Nutella| Fooddata| KaaramKaalaiKaapi,27-09-2024,55,1012,4.2823,1,0.009,1872,3.21,Friday,0
EzuMmS4an4M,Cheppakilangu Fry Recipe| Crispy TaroRoot Fry| Easy SouthIndian SideDish| Fooddata|KaaramKaalaiKaapi,01-10-2024,60,941,5.4855,0,0.011,9063,2.45,Tuesday,0
ETK2tysTzmA,Cheesy Bread Masala Pocket | Kids Snacks Box recipe | Chessy Bread Masala Box | Evening time Snack,15-12-2018,284,885,24.9876,8,0.101,48990,1.28,Saturday,0
y4ljAOE9F_I,Coriander Chutney| Kothamalli Chutney| Malli Chutney| Chutney Recipe| Fooddata| Kaaramkaalaikaapi,21-08-2024,61,884,4.4758,0,0.008,1317,1.67,Wednesday,0
zpUwdWMxb10,Onam Aviyal Recipe| Kerala Mixed Vegetable Curry| Sadya Recipe|Fooddata|KaaramKaalaiKaapi| Authentic,13-09-2024,61,843,4.132,1,0.012,3290,1.88,Friday,0
uz-4zqYg6Ng,பளிச்சுனு ஒரு Business பட்டுனு பண்ணலாம் வாங்க | Simple Business Idea for Homemakers,15-03-2019,400,826,24.2811,-1,0.322,30076,1.8,Friday,0
50LQ1MMU-6s,Tangy Ivy Gourd Chutney Recipe| கோவக்காய் சட்னி| Perfect Side Dish| Fooddata| KaaramKaalaiKaapi,05-09-2024,61,825,4.3123,1,0.007,5951,0.84,Thursday,0
65Kj1Y7tGMk,Quick & Easy Cabbage Poriyal Recipe| South Indian Style Stir-Fry| Muttaikose poriyal| Kose Poriyal,30-09-2024,61,817,5.0319,2,0.01,2442,1.19,Monday,0
jlVuXzUv-KU,🎉100th Video🙌🎊 | தமிழில் DIML- A day in my life | Shopping | Fun | FlowerShow |  Family Time,30-01-2019,750,816,36.4678,5,0.5,27565,2.06,Wednesday,0
43bcR0fX9T4,Refreshing Betel Leaf Milkshake| Paan Shot| Betel leaf drink| Fooddata| KaaramKaalaiKaapi| Drinks,16-10-2024,44,814,4.5851,1,0.012,2989,4.42,Wednesday,0
4SWMP-DzXj0,Keerai Masiyal| Keerai Kadaiyal| Keerai seivathu yepadi| Fooddata| KaaramKaalaiKaapi| கீரை மசியல்,25-09-2024,61,812,4.8701,3,0.009,1245,3.78,Wednesday,0
gVXO7Mm7bHw,Diwali Recipe | கோதுமை குலாப் ஜாமுன் | Wheat Gulab Jamun | No Maida | கோவா\Khoya Gulab Jamun,16-10-2018,312,800,17.4416,7,0.112,27256,1.64,Tuesday,0
Kp3O0x5kcnU,இந்த ஒன்னு போதும் உங்கள் இறந்த செல்களை நீக்க | Aloe Vera Scrub for all skin type,18-08-2018,278,800,19.7281,5,0.117,14716,4.18,Saturday,0
PRPYHSZ8NZs,Cucumber Chutney | வெள்ளரிக்காய் சட்னி | Vellarikka chutney in Tamil | Dosakaya pachadi | Chutney,23-08-2018,85,794,9.267,4,0.312,29108,1.82,Thursday,0
qwSiFOYpViI,இப்பவே இப்படியா!😲 | 1.5yr babies busy work | நம்ம கூட இவ்ளோ பிசியா இருந்திருக்க மாட்டோம்😉,12-10-2018,45,786,7.3018,3,0.059,13613,3.33,Friday,0
gclXma2U2wQ,Homemade Cashew Butter – Creamy & Delicious| Bread spread| Cashew nut recipe| Homemade Cashew butter,07-02-2025,60,775,4.192,0,0.012,2522,1.9,Friday,0
fNdozDzDGus,Ganesh chaturthi special |Thengai poornam | Coconut Pooranam | Kozhukattai Pooranam recipe in Tamil,29-08-2018,184,770,17.9229,8,0.426,25722,0.77,Wednesday,0
CIGOCAvKvts,Sneak Peek | A very new experience | Trailer | Teaser | Interesting video,10-10-2018,53,756,7.9415,12,0.041,12083,3.74,Wednesday,0
RDvURrFPjEk,Onion Chutney Recipe| Spicy Side Dish for Idly Dosa Chapathi| Fooddata| KaaramKaalaiKaapi,11-09-2024,61,753,4.6033,0,0.009,1610,1.18,Wednesday,0
ED5oH5sqf1U,Fridge Organization Ideas | Fridge Tips for long life maintenance | Easy way to store Green Vegs,28-10-2018,697,750,42.0125,6,0.271,24334,2.11,Sunday,0
fVlXzhn0yqM,Badam Poli| Almond Delight| Diwali Recipe| Fooddata| KaaramKaalaiKaapi| Badam sweet| Almond sweet,23-10-2024,60,732,4.4332,0,0.011,2386,3.73,Wednesday,0
YRbcvuclrfg,இத மட்டும் போட்டா முகம் இவ்வளோ பளபளக்குமா!! How to get a instant glowing skin in Tamil,14-08-2018,104,731,12.5254,6,0.112,10744,4.45,Tuesday,0
SbJsHKUKLTI,"100% வெள்ளை நிற மெத்தை,போர்வையின் கரையை நீக்கும் தந்திரம் | DIRTY WHITE stain Mattress To PURE WHITE",03-04-2019,274,729,22.3795,3,0.206,35548,1.54,Wednesday,0
lvC3wDj5umw,Kaalan Milagu Masala| Mushroom pepper fry| Mushroom gravy| Sunday special lunch| Fooddata| Kaaram,20-10-2024,60,719,4.3786,0,0.01,3048,1.84,Sunday,0
6_eg8RtAcSE,Methi Dal curry| Perfect for Ragi mudde| Quick South Indian Recipe| Fooddata| KaaramKaalaiKaapi,13-08-2024,61,710,4.2487,0,0.008,2256,2.97,Tuesday,0
wlCry6l3T0E,"Diwali Recipe | Fruit Barfi | Apple & Pear fruit Burfi | ஆப்பிள், பேரிக்காய் பர்பி | Healthy Dessert",30-07-2018,282,703,18.1695,4,0.336,22003,0.89,Monday,0
YHPnUKVNbzU,Mint Gulkand Balls| A Refreshing Twist to Diwali Sweets| Diwali Recipe| Fooddata| KaaramKaalaiKaapi,26-10-2024,60,700,3.1568,0,0.008,2812,1.24,Saturday,0
IJJf8ynNsB8,Weight Loss Drink| Lose Weight fast| Refreshing Lemongrass Herbal Tea |Fooddata| KaaramKaalaiKaapi,22-08-2024,61,699,3.8239,2,0.007,1432,4.12,Thursday,0
KXJH4y0qAMg,Ragi rice powder| Rice mix| Ragi recipe| Fooddata|KaaramKaalaiKaapi| Weight loss recipe| Ragi powder,26-09-2024,61,667,2.8917,1,0.006,2392,1.3,Thursday,0
SP2HgT8X1Z4,Amla Ginger Immunity Shot – Easy Morning Detox Drink,02-02-2025,43,666,3.9757,1,0.007,1409,4.83,Sunday,0
t3vMCG-zKvs,Perfect Paneer Cutlet Recipe | Evening snacks for kids| Snacks Shorts| Fooddata | KaaramKaalaiKaapi,24-08-2024,61,659,3.4292,0,0.005,1353,3.25,Saturday,0
Kmv3wfSN5kA,Karuveppilai Thogayal |Spicy Curry Leaf Chutney| Chutney Recipe | துவையல் | சட்னி | தோகயல்| Fooddata,09-08-2024,32,658,3.1613,1,0.007,9365,0.75,Friday,0
t84YOmdDplo,"Weight loss Salad| Fresh, crunchy, nourishing🥗 Satvic cucumber sprouted black channa salad",01-08-2024,61,651,2.9204,1,0.005,1077,3.25,Thursday,0
gTF0mPWFFR4,Indian Street Food-1 | Bhel Chaat Recipe in Tamil ENG[SUB] | How to make Bhel Puri,23-10-2018,211,647,12.9371,3,0.171,31170,1.39,Tuesday,0
mH9DRqv06rc,Boondi Laddu Recipe |பூந்தி லட்டு| Fooddata| Festival recipe |Sweets for festival |KaaramKaalaiKaapi,11-08-2024,61,638,3.2045,3,0.005,1645,1.46,Sunday,0
IqslJ73ji6c,இனிப்பு பிடி கொழுக்கட்டை| Flavourful festival sweet| Indian Sweet| Fooddata| KaaramKaalaiKaapi,04-09-2024,57,637,4.0732,1,0.005,1055,2.27,Wednesday,0
iPVitSBW450,Homemade Dark Chocolate in 5 minutes - 4 ingredients | How to make Dark Chocolate in Tamil,06-07-2018,349,634,13.4392,4,0.023,20407,2.24,Friday,0
ZnherPfBhP8,"Mini cooking vlog1 | New born, New mom daily routine | Breakfast Lunch ideas #shorts #youtubeshorts",22-12-2022,60,633,5.2794,1,0.003,8182,3.08,Thursday,0
0zK4yRcD8UI,Kalakand| Milk kova| Palkova| Kova sweet| Milk recipes| Milk delight| Fooddata| KaaramKaalaiKaapi,29-10-2024,61,629,3.1763,0,0.01,2518,2.74,Tuesday,0
BCmephUWO44,Onam Sadya| Happy onam| Fooddata| Kaaramkaalaikaapi| Onam 2024 Special| Kerala Cuisine,15-09-2024,25,626,2.1156,0,0.007,1610,3.79,Sunday,0
vaGIRaotp0o,"அவங்க பேச்ச விடுங்க, நீங்க முன்னேறுங்க!",16-07-2025,73,623,1.0254,0,0.003,1063,0.75,Wednesday,0
fQur8SC4exk,Coconut Pudding recipe| Coconut Souffle| Fooddata| KaaramKaalaiKaapi| OnamSadya,14-09-2024,61,619,2.8855,1,0.005,6217,0.97,Saturday,0
5A_DgUV48jk,Vinayagar Chathurthi Special| Traditional Pidi Kolukattai| Easy & Delicious festive recipe| Fooddata,03-09-2024,61,619,5.3841,2,0.012,1622,2.71,Tuesday,0
 -J_Odsh_dDA,Bread Veg Sandwich| Fooddata| KaaramKaalaiKaapi| Veggie snacks| Indian Snacks| Quick delight,22-09-2024,36,619,2.6938,2,0.006,983,3.76,Sunday,0
B_1ZUhYD2N0,Mixed Fruit Custard Recipe in Tamil ENG[Sub] | Perfect Dessert in just 5-7mins | Guest Recipe,04-10-2018,219,618,13.7062,15,0.086,30147,1.25,Thursday,0
2-3lJyUCpk0,Peanut Chutney | நிலக்கடலை சட்னி | Chutney Recipe | Dosa Idly Side dish,03-08-2024,46,617,2.8399,1,0.006,1786,2.07,Saturday,0
aNyYRceNxMo,பசும் மஞ்சள் தொக்கு| Turmeric Thokku| Healthy & Flavorful Pickle| Fooddata| Lunch recipe| Lunch idea,31-01-2025,61,613,3.4289,2,0.008,5813,1.03,Friday,0
uF4DFm-XDmI,One of the Coffee Varieties | பில்டர் இல்லாமல் பில்டர் காபி | Filter Coffee Without a Filter Set,22-09-2018,172,605,14.7318,7,0.075,18458,2.1,Saturday,0
MPvgRGxWTjw,Quick & Healthy Chickpeas Weight Loss Salad| Fooddata| KaaramKaalaiKaapi| Salad for weight loss,27-08-2024,42,603,2.9028,0,0.006,929,3.55,Tuesday,0
ThafVRqKKeE,Veg fish curry| Nethili meen kulambu| Fooddata| KaaramKaalaiKaapi| Indian lunch menu,06-10-2024,61,601,3.0776,0,0.006,1287,2.1,Sunday,0
aPTeQfeeGlM,Quick & Healthy Avocado Sandwich Recipe| Weight Loss diet recipe| Fooddata| KaaramKaalaiKaapi,30-08-2024,56,596,2.531,1,0.006,2462,1.62,Friday,0
cucGVNNJDEg,We literally search for this lil human when someone visit home #tamilstatus #memes #ytshorts #shorts,05-11-2022,11,595,1.7745,0,0,4774,2.95,Saturday,0
tlPUJl4qw7E,பனிவரகு சுழியம் | Panivaragu susiyam #sweet #ytshortsindia,31-07-2024,60,590,3.2087,0,0.005,876,5.94,Wednesday,0
NOin0B3B8_w,சுவையான வெண்பொங்கல் செய்வது எப்படி ?!!,29-06-2018,320,589,14.4008,32,0.083,8431,4.46,Friday,0
AOcDNi7qaGM,Quick & Easy Coconut Chutney Recipe| Murugan kadai Coconut Chutney| Fooddata| KaaramKaalaiKaapi,28-08-2024,40,585,2.7089,1,0.006,4459,1.41,Wednesday,0
vrdUea0YV2A,Paneer Popcorn| Popcorn recipe| Fooddata| KaaramKaalaiKaapi| Evening snacks| QuickSnack| Paneerrecip,28-10-2024,61,581,2.8218,0,0.008,3106,1.35,Monday,0
UhzRNeqkvPc,Surutta Poli  & Padhir Peni New version | Diwali Special | 2 Sweets in 1 Video | Chiroti Sweet,03-10-2018,460,579,20.567,19,0.125,31482,1.07,Wednesday,0
DjgC9ocAwrE,Crispy Corn Fry in Tamil | Fried Corn | Crunchy Corn Fry | Tea Time Snack,24-09-2018,294,577,18.5855,8,0.043,21313,1.05,Monday,0
oXz44mp5e5o,Personality Test | Video Reveals about your Personality | A Minute Personality Test,19-03-2019,123,576,11.6657,1,0.193,25578,1.49,Tuesday,0
6wi6j6hHh58,தேங்காய் கொழுக்கட்டை| விநாயகர் சதுர்த்தி ஸ்பெஷல்| Fooddata| KaaramKaalaiKaapi| Coconut Modak Recipe,06-09-2024,61,556,3.4458,1,0.005,1503,1.66,Friday,0
q9HZ0jxNuIs,Step by Step procedure | இதுமாதிரி நீங்க செஞ்சு பாத்துருக்கீங்களா | Summer Season Kid's Favourite,21-03-2019,291,555,11.4856,1,0.263,27500,1.29,Thursday,0
8Y7RanvNZqs,Bombay Thanni Chutney| Chutney Recipe| Sidedish for Idlydosa| Foodata KaaramKaalaiKaapi| NeerChutney,18-09-2024,60,554,3.4293,0,0.006,2380,1.68,Wednesday,0
bBT9rcLpQo8,Blush Smoothie Bowl| Healthy & Refreshing Breakfast| Fooddata| Breakfast Scene| High nutrition | ABC,06-02-2025,52,551,2.6538,0,0.006,967,3,Thursday,0
6X3339Cu9UY,"கார சட்னி | மிளகாய் சட்னி | Spicy chutney| Side dish for Idly, dosa, Chapathi| Fooddata| kkk",12-08-2024,61,547,2.8434,0,0.005,2592,0.69,Monday,0
yf2fG80d8zk,Banana Stem Fry |வாழைத்தண்டு பொறியல் | Poriyal ideas| Healthy recipes| Food Data| Side dish for rice,08-08-2024,50,542,2.0122,1,0.006,1720,1.4,Thursday,0
KInnlH2h7Fk,Capsicum Halwa Recipe| Unique & Delicious Sweet Treat|Fooddata| KaaramKaalaiKaapi|SouthIndian Sweets,08-09-2024,60,531,2.7152,1,0.004,1617,1.79,Sunday,0
2TzdrrLrazA,🧄🌶Spicy & Tangy Garlic Chutney in Minutes| Fooddata| KaaramKaalaiKaapi| Chutney Recipe| Sidedish,20-09-2024,49,509,2.841,1,0.004,4584,0.57,Friday,0
6AXctIdZoyo,Diwali Recipe | Sweet Seedai | Festival Sweet | Seedai | Sweet and Savoury | Cheedai,11-09-2018,274,496,9.9001,2,0.049,19344,1.94,Tuesday,0
kl_SBlMRw4M,மூளைக்கு வேலை தரும் விளையாட்டு | Brain Ranking Game | 10 Brain Teasers To Test Your Brain Capacity,04-02-2019,252,486,14.8826,-1,0.115,25789,1.06,Monday,0
SBzHFAi7GDw,சில சமயம் மனசுல இருக்கறத பேசினாதான் நிம்மதி நீங்க என்ன நினைக்கிறீங்க? Tamil motivation|Morning quote,06-07-2025,60,449,0.4787,0,0.002,688,1.16,Sunday,0
Fav_-4hTNio,Mango Rice Kheer/ மாம்பழம் பாயசம் / Evening Dessert,01-07-2018,390,445,12.4166,13,0.099,24155,1.23,Sunday,0
lE02N9M8vSM,Restaurant style Matar Paneer Butter Masala| Fooddata| KaaramKaalaiKaapi| Paneer gravy for chapathi,24-09-2024,61,439,1.6767,1,0.008,1012,2.37,Tuesday,0
VQgE4mlE2JM,One of the Coffee Varieties | வீடே மணக்கும் கும்பகோணம் டிகிரி காபி | Filter Coffee using Filter,21-09-2018,191,394,10.355,6,0.044,14328,1.71,Friday,0
897d8DU36o0,Soya 65 Recipe| Crispy & Spicy Snack| Protein-Packed Treat| Fooddata| KaaramKaalaiKaapi,09-09-2024,60,378,2.008,1,0.004,1349,1.85,Monday,0
sx0ClcaPcbI,CornFlakes Eggless French Toast in 2mins in Tamil | Crunchy bites,14-07-2018,158,359,5.7551,3,0.081,14427,1.69,Saturday,0
u3rE3SUwBwE,Diwali Recipe-11 | சுத்தமான கோதுமை பால் கரும்பு சக்கரை அல்வா | Wheat Milk Halwa,22-10-2018,327,357,11.3807,4,0.044,19176,1,Monday,0
veZjLMu1Gec,Shopping Haul in Tamil | Home Products & Cosmetics Unboxing | Great Indian Sale | Offers & Discounts,04-11-2018,321,343,11.3075,7,0.029,21444,0.76,Sunday,0
wK6h_dLODcE,A New Rule of 2019 | வாங்க Helmet Price & Model Review பாக்கலாம் | Tips on choosing correct helmet,01-01-2019,691,332,9.2236,4,0.084,30444,0.76,Tuesday,0
5pKqKDXz0Ig,Kozhukattai step by step Procedure | 2 different poornam | Vinayagar chaturthi special recipe,07-09-2018,263,327,8.572,1,0.032,14668,0.85,Friday,0
VAaP28vgyOs,Spicy Oyster Mushroom Gravy| Rich & Flavorful| Fooddata| Kaalan Kulambu| Lunch box idea| Spicy Kurma,10-02-2025,61,301,1.3235,2,0.006,2086,1.15,Monday,0
e98RVvyNTaU,Pasi Paruppu Payasam | பாசி பருப்பு பாயாசம் | Moong Dal Payasam in Tamil,21-08-2018,146,287,3.9813,1,0.05,23973,0.9,Tuesday,0
6vSicWV0aQ8,10 Simple and Smart Tips and Hacks to make your life easier | Useful Home & Kitchen Tips in Tamil,18-10-2018,350,274,11.9735,2,0.005,14954,0.98,Thursday,0
cpvbqFKE42o,கதம்ப முறுக்கு | தீபாவளி பலகாரம்- 3 | Kadambha Thenkuzhal | One more new recipe for Diwali,11-10-2018,229,269,5.3426,4,0.029,19024,0.84,Thursday,0
6hQrnr2mFX8,One of the Coffee Varieties | Instant Chocolate Coffee in just 3mins | Hot Chocolate Coffee in Tamil,18-09-2018,195,243,5.0537,0,0.024,15730,0.83,Tuesday,0
IrbSYU3Y5Ws,No one can answer any of the riddles | 10 Tough Riddles | மூளைக்கு வேலை தரும் விளையாட்டு,09-02-2019,212,226,5.8876,-7,0.117,23015,0.55,Saturday,0
0yXfdAW9Tzg,சித்தி! என் இரண்டாம் தாய் #bonding #friendship #tamilmotivation #ytshortstamil,25-07-2025,62,208,0.6654,1,0.003,1207,3.4,Friday,0
SyYP0Zp8kEM,அன்பின் பரிமாற்றம்🌸 Tamil motivational quotes#அழகு #அன்பு#கருணை #சந்தோஷம்#பரிசு#வாழ்க்கை #tamillove,07-07-2025,61,97,0.257,0,0.002,919,1.2,Monday,0
b2vn8VThj3g,மறந்து போன சந்தோஷங்கள்|Tamil Motivational videos| நம்மை நாமே தேடும் நொடி #motivation #ytshortstamil,04-07-2025,61,92,0.2404,0,0.002,733,2.59,Friday,0
DG0OKkdeGyo,"April 27, 2020",,790,25,2.1124,2,0.015,39,0,,
