video_id,video_title,views,watch_time_hours,subscribers_gained,publish_day,publish_hour
YBcsFGk2pss,"1  ஸ்பூன் மட்டும் போதும் | அனைத்திற்கும் ஒரே தீர்வு- கொழுப்பு, மலச்சிக்கல், குடல் புழு, தொப்பை",2937513,130817.9788,60536,Saturday,0.0
22EHQIg0l5A,1 ஸ்பூன் போதும் மலச்சிக்கல் நிரந்தர தீர்வு | Constipation Home Remedies in Tamil |Malachikkal remedy,1652500,108649.1649,26365,Thursday,0.0
azUuUrFRYVo,தண்ணீர் போதும் உடல் கொழுப்பு எளிதில் கரைய | Effective Hot Water Therapy for Weight Loss- Series-3,1383476,78173.5266,54379,Sunday,0.0
XoURwG9iU_g,விசேஷங்களுக்கு தயாராக இதை மட்டும் செய்தாலே முகம் ஜொலிஜொலிக்கும் | Facial வேண்டாம் இனி | Instant Glow,1165670,44226.8713,18815,Friday,0.0
Ikmcj5M4OpE,Lose 5kg in 1day- Effective Secret | ஒரே நாளில் 5 கிலோ வரை எளிதில் கரைய செய்யும் ரகசியம்- Series-4,1001213,59051.0205,19822,Thursday,0.0
6FA2_dDDw6A,Proof Attached | Lose 4kgs in just 10days | Effective Weight Loss Remedy | No Gym | No Diet,869858,42652.8584,9513,Monday,0.0
Afp_lv7aX14,இடுப்பு சதையை விரைவில் காணாமல் போகவைக்கும் மேஜிக் | Side Belly Fat- Fast Result in 10days,779078,30088.5682,12210,Saturday,0.0
GzhCqki0l3A,நாள் பட்ட அடி வயிற்று கொழுப்பை 1 வாரத்தில் கரைக்கும் பானம் | Miracle drink to Lose 5Kgs in a week,569358,30242.657,14382,Wednesday,0.0
oyyEv0yySoA,75 Kgs to 49 Kgs Transformation | How i lost 25 Kgs? | Beginners Tips to Start Weight Loss Journey,511462,35537.7255,7216,Friday,0.0
9S1y-7Zvqhc,"1 Exercise- Effective Success Secret | தொப்பை, தொடை, கை, இடுப்பு சதை ஒரு உடற்பயற்சி போதும்",495795,25199.2561,7859,Sunday,0.0
uDRp12PglKI,ஒரே நாளில் உடல் எடை குறைவதை நன்றாக உணரமுடியும் | இது ஒன்னு போதும் | Effective Weight Loss Remedy,450303,21929.8302,5419,Monday,0.0
HKocyYMFazk,StomachFat=1 EffectiveMantra பலூன் வயிறா? 1 நிமிடம் போதும் காத்து பிடுங்குவது போல் குறைத்துவிடலாம்,377483,20080.0025,4345,Wednesday,0.0
AU3SA4IJ-vI,Miracle Weight Gain powder for babies | High Protein Rich Powder | Dry Nuts Health Mix powder,342266,13441.0175,5989,Monday,0.0
Y82RgFcvDS4,3 நிமிடம் போதும் உடல் எடையை மளமளவென குறைக்கலாம் | கொழுப்பை கரைக்க ஈஸியான முறை | Lose 3kgs in 10days,205099,8036.9693,1741,Saturday,0.0
CAPPKAyHHKU,🏋️I tried BOHO BEAUTIFUL ARM FAT CHALLENGE and THIS HAPPENED😲😳 |Live Experience | 1st time Bloopers😂,203300,9150.172,2474,Tuesday,0.0
8fmk2IOn9qc,My Weight loss 75-49kgs Part-2 | இவ்ளோ easy-ஆ எடை குறைப்பது😲😮| கஷ்டம் இல்லாம செஞ்சரலாம் வாங்க,195756,10656.2626,2968,Friday,0.0
XPYGmFZxvrk,எப்பேர்ப்பட்ட எடை உள்ளவர்களும் இதை தொடர்ந்து குடித்தால் கொழுப்பு மளமளன்னு குறைந்திடும் | Detox drink,159598,8499.8196,2699,Tuesday,0.0
JFYnxkCq-qQ,வேகமாக எடை குறைக்க சிறந்த காலை உணவு | Breakfast recipe for Healthy Weight Loss,159559,5464.9051,1999,Thursday,0.0
Qe9ome5QPxo,எப்பேர்ப்பட்ட வயதான தோற்றத்தையும் ஜொலிஜொலிக்க வைக்கும் எளிமையான வீட்டு வைத்தியம் | Instant Glow tips,159378,8985.0552,2952,Tuesday,0.0
zSEDiPf8cH4,👍Challenge எப்பேர்ப்பட்ட எடையும் குறைந்தே தீரும்|Simple Secret for Weight Loss|Lazy peopl fat burner,131147,5853.1259,1008,Friday,0.0
ge26zXsu5nc,தொண்டை வலி உடனடியாக விரட்டி அடிக்க சூப்பரான Tips | Live Experience | Home remedy for Viral Infection,104851,2808.7926,660,Wednesday,0.0
KtWjyxj0fgM,வேகமாக எடை குறைய 10 எளிய வழிமுறைகள் | Lose 5Kgs in 1 week | 10 ideas to lose weight fast,103180,5924.5062,1268,Saturday,0.0
CTDozJbTSnw,இந்த 10 தந்திரப் பழங்கள் வேகமாக எடை குறைக்க உதவும் | Top 10 Fruits for effective weight loss,98761,6775.5289,1425,Saturday,0.0
zGBKMPwQkBE,என்னுடைய எடையை கட்டுப்படுத்த இது உதவியது | An Energy Drink During My Weight Loss Journey,89970,4047.512,819,Friday,0.0
FSM2uLJeesc,Facial வேண்டாம் இனி| அனைத்து விதமான சரும பிரச்சனைக்கும் ஒரு பொடி போதும்| 1 Powder =All Skin Problems,86927,3620.8536,1642,Monday,0.0
wiCEsaT-xvE,இவ்ளோவும் பத்து ரூபாய் தானா?? | Street Side Shopping | இன்னும் எது எல்லாம் பத்து ரூபாய்??,85538,3035.5708,1293,Saturday,0.0
_ZcBfecwSYg,ஒரே மாதத்தில் உடல் எடையில் மாற்றத்தை கொடுக்கும் | வேகமாக எடை குறைக்கும் சிறந்த பால் வகைகள்,81129,3834.8789,732,Saturday,0.0
auLly4vAMp4,"இந்த காயின் பொடி 1 ஸ்பூன் போதும் | சித்தர்களின் வழிகாட்டல் | - கொழுப்பு, மலச்சிக்கல், மாதவிடாய்",73868,2319.2365,353,Thursday,0.0
DrC-cmXkOys,7 Days 7 Detox Drink for Easy Weight Loss in Tamil | Effective Drinks During My Weight Loss Journey,68200,4720.1703,630,Friday,0.0
MJKy-kod09k,வேகமாக எடை குறைக்க சிறந்த பால் | ஒரே மாதத்தில் மாற்றத்தை கொடுக்கும் | Weight Loss Milk,64421,2249.0263,491,Tuesday,0.0
FpKo7gMnMkI,இந்த தண்ணீர் குடித்து எவ்வளவு kg வேணாலும் சட்டுன்னு குறைக்கலாம்| Budget friendly drink series-1,61948,2040.8824,205,Tuesday,0.0
PkPAAm_4uqI,புதுவித உணவு- வேகமாக எடை குறைக்க சிறந்த காலை உணவு | Breakfast recipe for Healthy Weight Loss,59647,3001.3396,1202,Sunday,0.0
TAvzp1ljcHA,No more exercise | உடல் கொழுப்பு எளிதில் கரைய இந்த உணவு மட்டும் போதும் | Diet chart for Weight loss,57957,1716.2564,280,Thursday,0.0
7c1uCM1_IPg,எடையை இப்படியும் வேகமாக குறைக்கலாம் உடற்பயிற்சிக்கு நேரம் இல்லையா | 100% Balanced Diet Weight Loss,56111,2198.7517,327,Tuesday,0.0
B3Zqx5iKiN4,"தேங்கியுள்ள கொழுப்பை சுலபமாக கரைக்கலாம் சளி, இரும்பல், அஜீரண கோளாறு 1 வாரத்தில் முடிவிற்கு வரும்",55016,1872.4975,651,Tuesday,0.0
YGbrOZPggH4,பெண்கள் நம்மளும் Slim-ஆ structure-ஆ தெரியலாம் | Products ஒரு அலசல் |Shapewear-னா? |kaaramkaalaikaapi,38969,1576.6916,344,Thursday,0.0
lYlQAfj4PVA,"மருகு, வயதான தோற்றத்திற்கு எளிமையான வீட்டு வைத்தியம் |ஒரே தடவையில் மாற்றத்தை கொடுக்கும்|Instant Glow",35660,1361.6271,508,Tuesday,0.0
D5QbQXwUugk,"💥R U READY for 15days Challenge? 😀WeightLoss, Digestion, Hydration Challenge | QuarantineChallenge",35524,1411.2219,348,Tuesday,0.0
Yx60Y9xC_Y4,One of the Coffee Varieties | காபி வகையில் இது ஒன்று | Instant Coffee,32865,819.8213,168,Monday,0.0
gnVVvGz0V34,75kg-50kg வருவதற்கு நம்ம பட்ஜெட்டில் இந்த ஆகாரம் மிகவும் உதவியது|Budget Friendly Weight Loss Drink-2,32791,1194.4468,156,Friday,0.0
3vsdqeR5j70,8 Sarees just Rs.1000●★ | KLM Fashion Mall | Each Saree Costs only Rs.125 | Bangalore Shopping,29627,1168.3336,471,Wednesday,0.0
CAlep7lNTrg,எவ்வளவு குண்டானவர்களும் இதை தொடர்ந்து குடித்தால் கொழுப்பு மளமளன்னு குறைந்திடும் Lose 4Kg in 10days,28599,1186.3584,108,Thursday,0.0
LfqMl6jiaKg,2 நிமிடத்தில் உடல் சூடு குறைக்க எளிய வழிமுறை | Reduce Body Heat in just 2 minutes,27187,867.5231,413,Saturday,0.0
XGLr2eUFcZc,🔥UPDATE:StomachFat=1 EffectiveMantra பலூன் வயிறா? 1 நிமிடம் போதும் குறைத்துவிடலாம்|kaaramkaalaikaapi,26942,737.9173,67,Friday,0.0
yxq517bQ9L8,நைனா மலை | Very Interesting Information | Naina Malai Vlog | புரட்டாசி மாத வழிபாடு கோவில்,26427,1581.9777,265,Tuesday,0.0
NWUSaOz7DPM,TOP Secret for Weight Loss🤫 | இது எவ்வளவு சாப்பிட்டாலும் எடை அதிகரிக்காது | Business Idea- Meesho,25617,1205.2449,88,Tuesday,0.0
QjbT5qce0zs,Extreme Weight Loss Sweet Recipes | Desserts |Sweets Which Control Cravings |Simple WeightLoss ideas,24414,1084.6565,160,Friday,0.0
WOLUCHu8-WI,Open Talks! | Quarantine Simple Tips for Weight Loss | Lock-Down Workouts and Diet Routine Challenge,23286,1337.5708,144,Tuesday,0.0
1h07e5a0R9o,Handmade Exclusive Collection of Aari Bridal Blouse | Bridal blouse collections with price in Tamil,23153,463.9701,159,Monday,0.0
NtSdC4uvsL0,கை தொடாமல் பூஜை பாத்திரம் சுத்தம் செய்வது எப்படி | How to clean Brass/ Bronze vessels in Easy Method,20201,530.2505,184,Wednesday,0.0
_AAE8zW9hhs,உடல் எடை வேகமாக குறைக்க சூப்பரான ஐடியா | Healthy Weight loss Rasam | Healthy Weight Loss diet,18736,652.5899,69,Tuesday,0.0
3SDwbDzMyss,3kgs சட்டுன்னு குறைக்கலாம்😀 Summer Weight Loss Drink|1Cup Challenge எடுக்கலாம் வாங்க| KKK,18399,504.9649,41,Monday,0.0
L7WvssFCZJE,எடை குறைக்க டயட் பட்டியல் | Lose 3kgs in a week | காலை முதல் இரவு வரை | Low Carb food ideas,17183,978.8417,133,Friday,0.0
mRFUOpTo-yE,அட்டகாசமா எடை குறைக்க சூப்பர் டிப்ஸ் | Weight loss Motivational ideas| Simple Weight loss method,16431,775.4919,120,Tuesday,0.0
5Zdywg6RDxg,"வயதான தோற்றம், கருவளையம், கரும்புள்ளி இவை அனைத்திற்கும் இது 1 சொட்டு போதும் | Instant Glow Tips",15736,532.4878,77,Sunday,0.0
NRyg3fTaM5k,5 Kurthi's Rs.777 ?? | KLM Fashion Mall | My Diwali Collections | Bangalore Shopping,15679,485.5451,103,Friday,0.0
zwJIypNRLiU,பிரசவத்திற்கு பின் இதை தடவினால் தொப்பை கடகடவென கரைந்துவிடும் | நீங்களும் சிக்குன்னு ஆகலாம்,15380,562.5931,111,Wednesday,0.0
AZgE909G4A0,Weight Loss Snack idea | நொறுக்கு தீனியை தவிர்த்து இது மாதிரி எடுத்துக்கொள்ளுங்கள்,15162,636.2537,74,Monday,0.0
ALBDQUrmoYE,முடி நீளமா வளர இது ஒன்னு போதுமே அறிவியல் உண்மை | முடி கொத்து கொத்தாக கொட்டுகிறதா???,13790,558.2412,47,Friday,0.0
Wm5tiuEazeI,"Only 3 Ingredients in Lock-Down Without Baking Powder, Maida, Oil Egg, Oven| கோதுமை வாழைப்பழம் கேக்",11456,382.0561,36,Thursday,0.0
wGRgUuWWugg,Proven Weight loss Facts | 7 days 7 simple Food Items To Burn The Extra Fat | Fat cutter ideas,11354,554.1863,137,Tuesday,0.0
5Mrw9iyo7go,2mins கேரளா ஸ்பெஷல் குலுக்கி | Effective Weight loss drink | kulukki sarbath in just 2mins,10520,348.287,45,Thursday,0.0
WgiUKNBUPrE,முகம் எப்போதும் பிரகாசமாகவும் பொலிவுடனும் இருக்க இதை மட்டும் தான் நான் செய்வேன் | Instant Glow,10434,518.7497,68,Thursday,0.0
vgEPeJAaR9c,Result in just 3 days Homemade Skin Whitening & Hair smoothening Gel | DIY In 5mins 2in1 gel- Tamil,9661,163.4711,53,Sunday,0.0
PjgnfMn2Sr8,FREE FREE FREE | Rs.10000 apparel i got it for FREE | என்னது இத்தனையும் இலவசமாவா? | Free Shopping,9313,211.7252,118,Monday,0.0
ScekVhHZbKA,100% long and bouncy hair solution | Homemade 2minutes work for black hair | Permanent solution,9246,157.6534,38,Sunday,0.0
45aVotJsgAg,வெறும் 1/2 ஸ்பூன் போதும் 10 நாட்களில் 4 கிலோ எடை கூடும் அதிசயம்  | Gain Weight Fast | Miracle drink,9066,238.9584,21,Wednesday,0.0
oxSi7suAZzk,அசால்டாக kgs குறைத்து விடலாம் வாங்க| Low Budget Weight Loss Drink| Budget Friendly Drink series-3,9044,342.0428,-16,Tuesday,0.0
VRs2kmwAPkE,Where to buy reasonable price Designer handbags in Bangalore | Clutches & Purse collections,8598,242.6952,110,Thursday,0.0
lD0oSs9rRfU,"இப்படிதான் நான் திரும்பவும் எடை குறைத்து, கலர் ஆனேன்| My Skin Color Transformation Secret",8563,364.5101,8,Tuesday,0.0
u-DNbqh_cxE,Maybelline Products Review | Winter Offer | Baby Lips | 630 flaming fuchsia | Tinted LipBalm,8370,120.5764,30,Tuesday,0.0
oysqC_qd164,Saree-இல் (+)Size பெண்கள் Slim-ஆ தெரிய அட்டகாசமான Tricks & Tips| Tricks To Look Slim in Sarees,7493,351.0301,-52,Sunday,0.0
cuAPrrIIvRA,வேகமாக எடை குறைக்க சிறந்த காலை உணவு | Breakfast recipe for Healthy Weight Loss,7472,186.1504,18,Thursday,0.0
rwlhMyqD1ZY,❤️அப்பா❤️ #fatherdaughter #dad #relationship #missing #memories #trending #reels #tamilmotivation,7297,13.4132,9,Sunday,0.0
NEdXMiydEDs,Weight Loss Sweet Recipe-1 | Lock-Down Sweet to Lose Weight Fast | Quarantine Sweets for Weight Loss,7283,284.1405,50,Friday,0.0
nBUQubbl-Nw,Lose 4kgs | 1 Minute 1 Glass Weight Loss Challenge | Budget friendly Weight Loss Drink at home | KKK,7145,260.7471,4,Thursday,0.0
ZVK2H98fSIo,Shop 8 Sarees just Rs.1000●★ | KLM Fashion Mall | Each Saree Costs only Rs.125 | Bangalore Shopping,6945,168.0653,29,Monday,0.0
UawjsOBaZfQ,Paal kolukattai | inippu kolukattai| Fooddata| KaaramKaalaiKaapi | vinayagar chathurthi special,6675,47.3812,9,Monday,0.0
5H6g65_dkWo,"🔥15-20kgs குறைக்கும் டயட்- 🏋️No Exercise ""Top Best Diet"" Lose 15kgs weight| The best diet in India",6411,314.3102,-110,Tuesday,0.0
tkgsVEn8MzE,உடல் எடையை வேகமாக குறைக்க செய்யும் | டயட் இருப்பவர்கள் கண்டிப்பாக எடுத்துக்கவேண்டிய ஒன்று,6293,174.559,-76,Wednesday,0.0
M49tCL407B8,விசேஷங்களுக்கு முன் இதை தொடர்ந்து செய்தாலே முகம் ஜொலிஜொலிக்கும் | Skin Whitening Magical Drink,6239,211.402,32,Sunday,0.0
Xuurp3JKrwo,எங்கள் வீட்டு குட்டி கிருஷ்ணர் லூட்டிகள் | கிருஷ்ண ஜெயந்தி பூஜை முறை | Krishna Jayanthi Pooja,6227,185.476,33,Saturday,0.0
1HuvBBmI9yo,எனக்கு ஏன் எடை குறையவே இல்லை? Live உங்கள் கேள்விக்கான பதில்,5987,196.1669,-17,Monday,0.0
Z82-2c8ZEas,"Extreme Weight Loss Drink| Loss Belly Fat Fast + Skin Glowing, Whitening Drink{Bridal Series}",5973,173.3792,-379,Wednesday,0.0
8dWU0cMpUuQ,Best Anti Aging Solution| அற்புத சக்தி கொண்ட பூ | எப்பேர்ப்பட்ட வயதான தோற்றத்தையும் ஜொலிக்க வைக்கும்,5919,233.0002,55,Thursday,0.0
YBnCqzcbDEk,TESTING Out Viral Life Hacks by 5 MINUTE CRAFTS in Tamil | Kaaramkaalaikaapi,5794,275.8718,16,Sunday,0.0
aYEyyhlbKq4,Offers & Discounts | Bangalore Shopping | Multi Store Shopping,5790,274.606,48,Tuesday,0.0
WpNITxEXbe8,"1/2  ஸ்பூன் மட்டும் போதும்| அனைத்திற்கும் ஒரே தீர்வு- கொழுப்பு, மலச்சிக்கல், குடல் புழு, தொப்பை| KKK",5508,193.4906,-27,Thursday,0.0
JAbW556Sqsw,வேகமாக எடை குறைக்க சிறந்த உணவு | Breakfast recipe for Healthy Weight Loss,5396,110.807,2,Monday,0.0
axfMXK1wEmw,உடல் எடையில் வேகமான மாற்றத்தை கொடுக்கும் மேஜிக் | சோயா பால் | பாதாம் பால்,4965,80.9569,-11,Friday,0.0
SZSKtrSKwb0,Tirupati Temple also located in Bangalore?? | திருப்பதி கோவில் பெங்களூரில் உள்ளதா?? | Travel Vlog,4863,237.6263,53,Tuesday,0.0
UolD0iZrxRI,"பாட்டி கூறும் ரகசியம் |வயிறு மதமதப்பு, உணவின் மீது வெறுப்பு |weight loss reason |குழந்தை சாப்பிடலையா",4750,154.6514,-6,Sunday,0.0
GkLWVKprhJY,இது சாப்பிட்டா Weight போடவே போடாது|Snacks சாப்பிட்டுக்கொண்டே Weight குறைக்கலாம்|BudgetFriendlySnacks,4628,159.3602,-30,Wednesday,0.0
rUzrE__Impw,100 வகை தோசையா? | 10 Category Dosa's? | 10 Weight Loss Dosa's | Channel Update | WorkFromHome Dosa's,4614,138.4148,36,Sunday,0.0
6G_TnPLHgdQ,Rs.3/Rs.4/Rs.10/Rs.20/Rs.50/Rs.100/Rs.200 Trending Earring Collections,4564,97.3039,54,Friday,0.0
GXfBlBniwas,Fruit Jelly Cake in Tamil | Homemade Jelly | Kids Favourite,4548,98.7275,28,Sunday,0.0
DZN_nENcISk,"இந்த வேர், இலை மட்டும் போதும் கரும்புள்ளி, தேமல், முகப்பரு தழும்புகள், அரிப்பு,Uneven SkinTone,ரோமம்",4392,144.477,-8,Sunday,0.0
mJ8jDIIiO4A,Life Change🤔 | இதுதான் என்னுடைய சுறுசுறுப்பான காலை வேலைகள்🥳 | யாரும் சொல்லிடாத Tips🤩,4028,189.2351,1,Sunday,0.0
JAyGXGrRfY4,யோசனை-உடல் எடையை குறைத்து பழைய எடையை தக்க வைத்துக் கொள்ள!இந்த பொருள் உபயோகித்து பார்த்திருக்கீங்களா?,3916,169.6834,-37,Sunday,0.0
RFfgysT09iY,வரகு கிச்சடி | Kodo Millet Khichdi | Healthy One-Pot Meal| Millet Food Idea| Satvic recipes,3618,19.4496,4,Monday,0.0
19yI7ExPbr8,"1 ஸ்பூன் மட்டும் போதும் அனைத்திற்கும் ஒரே தீர்வு-கொழுப்பு, மலச்சிக்கல், குடல்புழு, தொப்பை WeightLoss",3547,120.3072,-12,Sunday,0.0
A-yr9KSYRRQ,இனிமையான மாலை பொழுது | First Vlog- My Sunday Noon to Evening Vlog,3506,163.5517,24,Tuesday,0.0
AQvh4Yx8gyQ,Healthy Breakfast To Dinner ideas for 10+Months to 2yrs | ஒரு வயது குழந்தைக்கான சத்தான உணவு பட்டியல்,3505,168.6672,86,Wednesday,0.0
GDL6PpcXeKE,Beetroot Sweet| Diwali Recipe| Fooddata| KaaramKaalaiKaapi| Diwali sweets| Quick dessert| Easy Sweet,3504,27.6042,5,Sunday,0.0
2ruktFOyPs4,Ragi Rice Mudde| Ragi Kali| ராகி களி | Ragi balls| kelvaragu,3353,16.9519,2,Thursday,0.0
HKz6E8teuio,Miracle Natural Sweetener for Baby Food | White Sugar Replacement | Rich in Iron & good Calories,3290,75.7878,42,Friday,0.0
of7OjT_CigA,#PUTHUVARUSHAM2020 #WEIGHTLOSSTIPS #BEAUTYTIPS #SUMMERTIPS #1st LIVE,3228,63.8042,-4,Tuesday,0.0
tjGu6lBONzQ,A small present to him😍0-10months Collections | Memorable Photo and Video Clippings of Vithul | KKK,3225,82.6618,-1,Monday,0.0
ilLJAT965T4,Alien👽poochi in my home😱நல்லா சொதப்பிட்டேன்🙆 Youtube சொதப்பல் Challenge| Prank |Sisters atrocities,3083,99.1639,-22,Saturday,0.0
9_ysDn7yf90,1 Bowl- Effective result |Lose Weight Gradually |Healthier Version Of Us |Diet Starts #shorts #short,3041,6.9853,-3,Wednesday,0.0
92R2C6EkmS0,100% இலவச ஷாப்பிங் | 5000 ரூபாய் டாப் பிராண்டட் டிரஸ் முற்றிலும் இலவசம்,2867,101.7908,68,Wednesday,0.0
UqYsCshERXw,டயட் நேரத்தில் இது மாதிரி உணவு  எடுத்துக்கொண்டால் நல்லது | Food to restore energy | Rich in fibre,2795,36.6315,11,Friday,0.0
gxFaZ6xkhQw,Best Pongal Kolam Designs | Sankranthi rangoli Kolam Designs | Kolam Designs for Competitions,2789,44.1853,6,Monday,0.0
1E2sWe5keVY,உடல் எடை அதிகரிக்க | Miracle Weight Gaining Food | எதிர்ப்பு சக்தி கூட Immunity & Brain Booster,2728,84.6159,22,Monday,0.0
HfIKaq4XuWY,"எடை குறைய, ஞாபகசக்தி அதிகரிக்க, கூடுதல் கண்பார்வை, கேன்சர் குணமடைய ஒரு பழம் பலவித நன்மைகள் |1 Fruit",2670,48.4538,-10,Sunday,0.0
2x13w-vVeHo,ஒரு முறை இப்படி செய்து பாருங்களேன் | Amruthaphalam | Moar Kali | மோா் களி | Ayyangar special,2656,65.2475,30,Monday,0.0
zWxP9CHgY1k,Healthy Recipe for easy Weight Loss | Breakfast/ Dinner Recipe idea to lose Weight Fast,2627,55.6966,7,Monday,0.0
h3FfofKK22A,என் டைரியில் சென்னையில் ஒரு நாள் | Success Stories | HeloEvent @ guindy | YouTubers Meet | DIML,2522,90.1472,-29,Tuesday,0.0
LJQb_M6iA_Y,தெய்வம் தந்த பூவே | Teaser | Cover Dance by Muthuladdu Muthuladdu | KaaramKaalaiKaapi| SaranyaMohan,2358,26.6331,-57,Wednesday,0.0
iyfZmPd_TTs,தினை அல்வா in tamil | Foxtail Millet Halwa | Evening snacks | Sweet and Savory recipes,2315,82.3537,18,Tuesday,0.0
raGiG4_0ly4,Ladies Items below Rs.100 | Business Idea | Tea Shirts for Rs. 20 | Designer Bags for Rs. 100,2239,73.281,24,Wednesday,0.0
sppZLRhHTvQ,Diwali Recipe | எள்ளு வடை | எள்ளு அப்பளம் | Seasme Vada | Seasme Papad,2229,49.8454,8,Sunday,0.0
gxLcZ4Tw35g,🔥🏋‍♂️5 Mins Beginner Friendly Standing Arm Workout| LIVE EXPERIENCE| How To Reduce Arm Fat In 10Days,2208,81.2933,-1,Saturday,0.0
jT_JPL9vQcw,Weight Loss Dosa | Lock-Down Cake | Quarantine bday celebration | Activities for babies | Fun Vlog,2190,72.4474,-18,Saturday,0.0
HK-CfJmQu3w,அதிரசம் எளிய முறையில் | Adhirasam using Jaggery | Athirasam | Diwali sweet recipe | Kachayam,2189,63.9162,26,Friday,0.0
lrzeBUqKML8,❤தாரமாகாமலே தாயாகிவிடுகிறாள் தமக்கையின் குழந்தையை தன் குழந்தை போல் எண்ணுவதால்❤|Love| Whatsapp Status,2181,7.7724,3,Sunday,0.0
s5Gi4uBBSIg,"🙄ஒரே நாளில் 3kg weight குறைந்திருப்பேன்🙆‍♀️| எங்களுக்கு காத்திருந்த அதிர்ச்சிகளும், ஆச்சரியங்களும்",2168,85.5834,-46,Tuesday,0.0
5TLFPgQb_M4,Vinayagar chaturthi pooja Arrangements in Tamil | Ganesh chaturthi pooja Step by Step procedure,1925,68.4429,12,Friday,0.0
kka6ZA2T_yQ,Kaara Saaramana Poondu chutney| Fooddata| KaaramKaalaiKaapi| Garlic Chutney Recipe| Chutney ideas,1698,7.1227,4,Friday,0.0
Ly0JvfePECA,New Variety of Mysore Pak using Watermelon seeds | Kidney disease curing diet recipe,1638,40.9475,14,Tuesday,0.0
TzNKbARAaqg,Effort brings prosperity| Start with confidence you'll surely succeed| MotivationalMorning| Selfcare,1637,2.2399,0,Monday,0.0
6KdxnFpKwjE,என்னதான் அதில் இருக்கும் அப்படி ?!? | A Sneak Peak of Food Data,1626,12.8669,-4,Monday,0.0
maeyawOEKNs,இயற்கையின் ஆத்மார்த்தமான அணைப்பு #tamillove #ytshortstamil #travel #vlog #அழகு #அன்பு #minivlog,1600,3.3517,0,Wednesday,0.0
xT84KPG5ckE,🥞பஞ்சு போல 10 நிமிடத்தில் அரிசி அப்பம்😍 |மிருதுவான அப்பம் | Fooddata| KaaramKaalaiKaapi,1579,10.1408,0,Sunday,0.0
MW2BJ2rSmQQ,மோா் முறுக்கு | தேன்கூழல் | Butter Milk Murukku | Diwali Recipe | New Recipe 2018,1555,43.9686,19,Sunday,0.0
axk-61GkTVs,CRAZY Punishment ever | 30 Bananas Eating Challenge 6 Mins | Healthy Food Challenge Saranya & Santhi,1540,38.2265,7,Sunday,0.0
xFTyNAtAF6s,Petty Shop Biscuit Cake in Cooker and Kadai | இப்படிகூட கேக் செய்யமுடியுமா? | without Oven and Egg,1523,40.7688,0,Thursday,0.0
pObSfj4lTVU,N(Base2)aughty Ice Cream?? | இப்படி எல்லாம் கூட ஐஸ் கிரீம் இருக்கா!!!,1353,72.8074,9,Sunday,0.0
smXttOQ-HRU,Basundi | 2 ingredients Milk dessert ready | Milk dessert | Festival sweet | Diwali Recipe,1300,31.4776,4,Monday,0.0
CgUR3Z5WCDk,பிரம்மாண்ட பயணம் |Amazing Places |தாய்லாந்தில் தர்பார் |Top Places in Thailand |Tour Guide| சுற்றுலா,1283,51.8873,-3,Saturday,0.0
15_H_Ruop-Q,2 EASY BISCUIT/COOKIES RECIPE IN COOKER | EGG-LESS & WITHOUT OVEN in Tamil,1251,34.928,-2,Friday,0.0
tWce-alZ49A,"எழுந்தவுடன் முதலில் காபி / டீ  குடிப்பவரா நீங்கள்?? | ""Not to Skip"" Video | Coffee Good Or Bad??",1250,41.8935,16,Friday,0.0
guwTG4pPdvs,கிருஷ்ண ஜெயந்தி பூஜை முறை | Krishna Jayanthi Step by Step Guide | எங்கள் வீட்டு கிருஷ்ணர் லூட்டிகள்,1236,45.9181,-1,Thursday,0.0
_AzlnU6et1Q,Eggless Mug Cake Without oven in 2mins | Kids Favourite | Mug Cake in Idly Cooker in Tamil,1224,30.2233,6,Thursday,0.0
MHKcoY9naNA,Mindset is the first weapon| Focus on desire| MotivationalVideos| Motivationalquotes| Rise & Fight,1203,1.6649,2,Thursday,0.0
qYTHsdB9GJI,Healthy Beetroot ghee mysore pak #ytshorts #shorts #diwali #sweet,1156,5.6211,3,Friday,0.0
hkVrvIAZH2g,7 days 7 New Milkshake Ideas | 7 நாள் 7 வகையான Milkshake | New Milkshake methods,1143,49.6832,10,Saturday,0.0
tUJB9IbgN6o,Pachapayaru kootu| Pachapayaru kathirikai kootu| Fooddata| KaaramKaalaiKaapi|Greengram curry|kulambu,1137,6.1023,2,Tuesday,0.0
3aJkmxjP1GY,Homemade Dates Pan Beeda|Healthy Delight | Sweet receipe| Food data| Snacks for kids| @YouTube,1093,5.9155,2,Tuesday,0.0
YQKupJ0VtfU,கோவை சமையல் | Kongunattu Special Recipe | Lunch Menu | Quick Recipe | மின்னல் வேக சமையல்,1091,25.0886,15,Monday,0.0
bnJ8Tivmw0k,"Curry Leaf Infused Potato Roast! 🌿Side dish for Curd rice, Rasam, Variety rice, Chapathi, Parotta",1073,5.1831,3,Friday,0.0
lU7uNHk8sX4,Sliced Egg Masala Mix Dosa | Egg Dosa Variety,1072,17.7566,2,Thursday,0.0
c1ZXCt7SNFY,6 Egg Dosa Varieties | Now its EGGS Turn | 6 வகை முட்டை தோசைகள் | முட்டை தோசை,1032,38.1323,9,Saturday,0.0
m9bBnHfgkCQ,Kids Weight Gain Snack recipe|Snack idea| Kids snacks| evening snacks | Lunch box #ytshorts #diwali,1028,5.4004,5,Wednesday,0.0
Xjtft1xSb84,Heart Melting BGM❤                #shorts #trending #short,1016,3.7031,-6,Monday,0.0
R7XrGaE7tdE,Bread spread| Bread recipe| Almond butter| Peanut butter| Nutella| Fooddata| KaaramKaalaiKaapi,1012,4.2823,1,Friday,0.0
EzuMmS4an4M,Cheppakilangu Fry Recipe| Crispy TaroRoot Fry| Easy SouthIndian SideDish| Fooddata|KaaramKaalaiKaapi,941,5.4855,0,Tuesday,0.0
ETK2tysTzmA,Cheesy Bread Masala Pocket | Kids Snacks Box recipe | Chessy Bread Masala Box | Evening time Snack,885,24.9876,8,Saturday,0.0
y4ljAOE9F_I,Coriander Chutney| Kothamalli Chutney| Malli Chutney| Chutney Recipe| Fooddata| Kaaramkaalaikaapi,884,4.4758,0,Wednesday,0.0
zpUwdWMxb10,Onam Aviyal Recipe| Kerala Mixed Vegetable Curry| Sadya Recipe|Fooddata|KaaramKaalaiKaapi| Authentic,843,4.132,1,Friday,0.0
uz-4zqYg6Ng,பளிச்சுனு ஒரு Business பட்டுனு பண்ணலாம் வாங்க | Simple Business Idea for Homemakers,826,24.2811,-1,Friday,0.0
50LQ1MMU-6s,Tangy Ivy Gourd Chutney Recipe| கோவக்காய் சட்னி| Perfect Side Dish| Fooddata| KaaramKaalaiKaapi,825,4.3123,1,Thursday,0.0
65Kj1Y7tGMk,Quick & Easy Cabbage Poriyal Recipe| South Indian Style Stir-Fry| Muttaikose poriyal| Kose Poriyal,817,5.0319,2,Monday,0.0
jlVuXzUv-KU,🎉100th Video🙌🎊 | தமிழில் DIML- A day in my life | Shopping | Fun | FlowerShow |  Family Time,816,36.4678,5,Wednesday,0.0
43bcR0fX9T4,Refreshing Betel Leaf Milkshake| Paan Shot| Betel leaf drink| Fooddata| KaaramKaalaiKaapi| Drinks,814,4.5851,1,Wednesday,0.0
4SWMP-DzXj0,Keerai Masiyal| Keerai Kadaiyal| Keerai seivathu yepadi| Fooddata| KaaramKaalaiKaapi| கீரை மசியல்,812,4.8701,3,Wednesday,0.0
gVXO7Mm7bHw,Diwali Recipe | கோதுமை குலாப் ஜாமுன் | Wheat Gulab Jamun | No Maida | கோவா\Khoya Gulab Jamun,800,17.4416,7,Tuesday,0.0
Kp3O0x5kcnU,இந்த ஒன்னு போதும் உங்கள் இறந்த செல்களை நீக்க | Aloe Vera Scrub for all skin type,800,19.7281,5,Saturday,0.0
PRPYHSZ8NZs,Cucumber Chutney | வெள்ளரிக்காய் சட்னி | Vellarikka chutney in Tamil | Dosakaya pachadi | Chutney,794,9.267,4,Thursday,0.0
qwSiFOYpViI,இப்பவே இப்படியா!😲 | 1.5yr babies busy work | நம்ம கூட இவ்ளோ பிசியா இருந்திருக்க மாட்டோம்😉,786,7.3018,3,Friday,0.0
gclXma2U2wQ,Homemade Cashew Butter – Creamy & Delicious| Bread spread| Cashew nut recipe| Homemade Cashew butter,775,4.192,0,Friday,0.0
fNdozDzDGus,Ganesh chaturthi special |Thengai poornam | Coconut Pooranam | Kozhukattai Pooranam recipe in Tamil,770,17.9229,8,Wednesday,0.0
CIGOCAvKvts,Sneak Peek | A very new experience | Trailer | Teaser | Interesting video,756,7.9415,12,Wednesday,0.0
RDvURrFPjEk,Onion Chutney Recipe| Spicy Side Dish for Idly Dosa Chapathi| Fooddata| KaaramKaalaiKaapi,753,4.6033,0,Wednesday,0.0
ED5oH5sqf1U,Fridge Organization Ideas | Fridge Tips for long life maintenance | Easy way to store Green Vegs,750,42.0125,6,Sunday,0.0
fVlXzhn0yqM,Badam Poli| Almond Delight| Diwali Recipe| Fooddata| KaaramKaalaiKaapi| Badam sweet| Almond sweet,732,4.4332,0,Wednesday,0.0
YRbcvuclrfg,இத மட்டும் போட்டா முகம் இவ்வளோ பளபளக்குமா!! How to get a instant glowing skin in Tamil,731,12.5254,6,Tuesday,0.0
SbJsHKUKLTI,"100% வெள்ளை நிற மெத்தை,போர்வையின் கரையை நீக்கும் தந்திரம் | DIRTY WHITE stain Mattress To PURE WHITE",729,22.3795,3,Wednesday,0.0
lvC3wDj5umw,Kaalan Milagu Masala| Mushroom pepper fry| Mushroom gravy| Sunday special lunch| Fooddata| Kaaram,719,4.3786,0,Sunday,0.0
6_eg8RtAcSE,Methi Dal curry| Perfect for Ragi mudde| Quick South Indian Recipe| Fooddata| KaaramKaalaiKaapi,710,4.2487,0,Tuesday,0.0
wlCry6l3T0E,"Diwali Recipe | Fruit Barfi | Apple & Pear fruit Burfi | ஆப்பிள், பேரிக்காய் பர்பி | Healthy Dessert",703,18.1695,4,Monday,0.0
YHPnUKVNbzU,Mint Gulkand Balls| A Refreshing Twist to Diwali Sweets| Diwali Recipe| Fooddata| KaaramKaalaiKaapi,700,3.1568,0,Saturday,0.0
IJJf8ynNsB8,Weight Loss Drink| Lose Weight fast| Refreshing Lemongrass Herbal Tea |Fooddata| KaaramKaalaiKaapi,699,3.8239,2,Thursday,0.0
KXJH4y0qAMg,Ragi rice powder| Rice mix| Ragi recipe| Fooddata|KaaramKaalaiKaapi| Weight loss recipe| Ragi powder,667,2.8917,1,Thursday,0.0
SP2HgT8X1Z4,Amla Ginger Immunity Shot – Easy Morning Detox Drink,666,3.9757,1,Sunday,0.0
t3vMCG-zKvs,Perfect Paneer Cutlet Recipe | Evening snacks for kids| Snacks Shorts| Fooddata | KaaramKaalaiKaapi,659,3.4292,0,Saturday,0.0
Kmv3wfSN5kA,Karuveppilai Thogayal |Spicy Curry Leaf Chutney| Chutney Recipe | துவையல் | சட்னி | தோகயல்| Fooddata,658,3.1613,1,Friday,0.0
t84YOmdDplo,"Weight loss Salad| Fresh, crunchy, nourishing🥗 Satvic cucumber sprouted black channa salad",651,2.9204,1,Thursday,0.0
gTF0mPWFFR4,Indian Street Food-1 | Bhel Chaat Recipe in Tamil ENG[SUB] | How to make Bhel Puri,647,12.9371,3,Tuesday,0.0
mH9DRqv06rc,Boondi Laddu Recipe |பூந்தி லட்டு| Fooddata| Festival recipe |Sweets for festival |KaaramKaalaiKaapi,638,3.2045,3,Sunday,0.0
IqslJ73ji6c,இனிப்பு பிடி கொழுக்கட்டை| Flavourful festival sweet| Indian Sweet| Fooddata| KaaramKaalaiKaapi,637,4.0732,1,Wednesday,0.0
iPVitSBW450,Homemade Dark Chocolate in 5 minutes - 4 ingredients | How to make Dark Chocolate in Tamil,634,13.4392,4,Friday,0.0
ZnherPfBhP8,"Mini cooking vlog1 | New born, New mom daily routine | Breakfast Lunch ideas #shorts #youtubeshorts",633,5.2794,1,Thursday,0.0
0zK4yRcD8UI,Kalakand| Milk kova| Palkova| Kova sweet| Milk recipes| Milk delight| Fooddata| KaaramKaalaiKaapi,629,3.1763,0,Tuesday,0.0
BCmephUWO44,Onam Sadya| Happy onam| Fooddata| Kaaramkaalaikaapi| Onam 2024 Special| Kerala Cuisine,626,2.1156,0,Sunday,0.0
vaGIRaotp0o,"அவங்க பேச்ச விடுங்க, நீங்க முன்னேறுங்க!",623,1.0254,0,Wednesday,0.0
fQur8SC4exk,Coconut Pudding recipe| Coconut Souffle| Fooddata| KaaramKaalaiKaapi| OnamSadya,619,2.8855,1,Saturday,0.0
5A_DgUV48jk,Vinayagar Chathurthi Special| Traditional Pidi Kolukattai| Easy & Delicious festive recipe| Fooddata,619,5.3841,2,Tuesday,0.0
 -J_Odsh_dDA,Bread Veg Sandwich| Fooddata| KaaramKaalaiKaapi| Veggie snacks| Indian Snacks| Quick delight,619,2.6938,2,Sunday,0.0
B_1ZUhYD2N0,Mixed Fruit Custard Recipe in Tamil ENG[Sub] | Perfect Dessert in just 5-7mins | Guest Recipe,618,13.7062,15,Thursday,0.0
2-3lJyUCpk0,Peanut Chutney | நிலக்கடலை சட்னி | Chutney Recipe | Dosa Idly Side dish,617,2.8399,1,Saturday,0.0
aNyYRceNxMo,பசும் மஞ்சள் தொக்கு| Turmeric Thokku| Healthy & Flavorful Pickle| Fooddata| Lunch recipe| Lunch idea,613,3.4289,2,Friday,0.0
uF4DFm-XDmI,One of the Coffee Varieties | பில்டர் இல்லாமல் பில்டர் காபி | Filter Coffee Without a Filter Set,605,14.7318,7,Saturday,0.0
MPvgRGxWTjw,Quick & Healthy Chickpeas Weight Loss Salad| Fooddata| KaaramKaalaiKaapi| Salad for weight loss,603,2.9028,0,Tuesday,0.0
ThafVRqKKeE,Veg fish curry| Nethili meen kulambu| Fooddata| KaaramKaalaiKaapi| Indian lunch menu,601,3.0776,0,Sunday,0.0
aPTeQfeeGlM,Quick & Healthy Avocado Sandwich Recipe| Weight Loss diet recipe| Fooddata| KaaramKaalaiKaapi,596,2.531,1,Friday,0.0
cucGVNNJDEg,We literally search for this lil human when someone visit home #tamilstatus #memes #ytshorts #shorts,595,1.7745,0,Saturday,0.0
tlPUJl4qw7E,பனிவரகு சுழியம் | Panivaragu susiyam #sweet #ytshortsindia,590,3.2087,0,Wednesday,0.0
NOin0B3B8_w,சுவையான வெண்பொங்கல் செய்வது எப்படி ?!!,589,14.4008,32,Friday,0.0
AOcDNi7qaGM,Quick & Easy Coconut Chutney Recipe| Murugan kadai Coconut Chutney| Fooddata| KaaramKaalaiKaapi,585,2.7089,1,Wednesday,0.0
vrdUea0YV2A,Paneer Popcorn| Popcorn recipe| Fooddata| KaaramKaalaiKaapi| Evening snacks| QuickSnack| Paneerrecip,581,2.8218,0,Monday,0.0
UhzRNeqkvPc,Surutta Poli  & Padhir Peni New version | Diwali Special | 2 Sweets in 1 Video | Chiroti Sweet,579,20.567,19,Wednesday,0.0
DjgC9ocAwrE,Crispy Corn Fry in Tamil | Fried Corn | Crunchy Corn Fry | Tea Time Snack,577,18.5855,8,Monday,0.0
oXz44mp5e5o,Personality Test | Video Reveals about your Personality | A Minute Personality Test,576,11.6657,1,Tuesday,0.0
6wi6j6hHh58,தேங்காய் கொழுக்கட்டை| விநாயகர் சதுர்த்தி ஸ்பெஷல்| Fooddata| KaaramKaalaiKaapi| Coconut Modak Recipe,556,3.4458,1,Friday,0.0
q9HZ0jxNuIs,Step by Step procedure | இதுமாதிரி நீங்க செஞ்சு பாத்துருக்கீங்களா | Summer Season Kid's Favourite,555,11.4856,1,Thursday,0.0
8Y7RanvNZqs,Bombay Thanni Chutney| Chutney Recipe| Sidedish for Idlydosa| Foodata KaaramKaalaiKaapi| NeerChutney,554,3.4293,0,Wednesday,0.0
bBT9rcLpQo8,Blush Smoothie Bowl| Healthy & Refreshing Breakfast| Fooddata| Breakfast Scene| High nutrition | ABC,551,2.6538,0,Thursday,0.0
6X3339Cu9UY,"கார சட்னி | மிளகாய் சட்னி | Spicy chutney| Side dish for Idly, dosa, Chapathi| Fooddata| kkk",547,2.8434,0,Monday,0.0
yf2fG80d8zk,Banana Stem Fry |வாழைத்தண்டு பொறியல் | Poriyal ideas| Healthy recipes| Food Data| Side dish for rice,542,2.0122,1,Thursday,0.0
KInnlH2h7Fk,Capsicum Halwa Recipe| Unique & Delicious Sweet Treat|Fooddata| KaaramKaalaiKaapi|SouthIndian Sweets,531,2.7152,1,Sunday,0.0
2TzdrrLrazA,🧄🌶Spicy & Tangy Garlic Chutney in Minutes| Fooddata| KaaramKaalaiKaapi| Chutney Recipe| Sidedish,509,2.841,1,Friday,0.0
6AXctIdZoyo,Diwali Recipe | Sweet Seedai | Festival Sweet | Seedai | Sweet and Savoury | Cheedai,496,9.9001,2,Tuesday,0.0
kl_SBlMRw4M,மூளைக்கு வேலை தரும் விளையாட்டு | Brain Ranking Game | 10 Brain Teasers To Test Your Brain Capacity,486,14.8826,-1,Monday,0.0
SBzHFAi7GDw,சில சமயம் மனசுல இருக்கறத பேசினாதான் நிம்மதி நீங்க என்ன நினைக்கிறீங்க? Tamil motivation|Morning quote,449,0.4787,0,Sunday,0.0
Fav_-4hTNio,Mango Rice Kheer/ மாம்பழம் பாயசம் / Evening Dessert,445,12.4166,13,Sunday,0.0
lE02N9M8vSM,Restaurant style Matar Paneer Butter Masala| Fooddata| KaaramKaalaiKaapi| Paneer gravy for chapathi,439,1.6767,1,Tuesday,0.0
VQgE4mlE2JM,One of the Coffee Varieties | வீடே மணக்கும் கும்பகோணம் டிகிரி காபி | Filter Coffee using Filter,394,10.355,6,Friday,0.0
897d8DU36o0,Soya 65 Recipe| Crispy & Spicy Snack| Protein-Packed Treat| Fooddata| KaaramKaalaiKaapi,378,2.008,1,Monday,0.0
sx0ClcaPcbI,CornFlakes Eggless French Toast in 2mins in Tamil | Crunchy bites,359,5.7551,3,Saturday,0.0
u3rE3SUwBwE,Diwali Recipe-11 | சுத்தமான கோதுமை பால் கரும்பு சக்கரை அல்வா | Wheat Milk Halwa,357,11.3807,4,Monday,0.0
veZjLMu1Gec,Shopping Haul in Tamil | Home Products & Cosmetics Unboxing | Great Indian Sale | Offers & Discounts,343,11.3075,7,Sunday,0.0
wK6h_dLODcE,A New Rule of 2019 | வாங்க Helmet Price & Model Review பாக்கலாம் | Tips on choosing correct helmet,332,9.2236,4,Tuesday,0.0
5pKqKDXz0Ig,Kozhukattai step by step Procedure | 2 different poornam | Vinayagar chaturthi special recipe,327,8.572,1,Friday,0.0
VAaP28vgyOs,Spicy Oyster Mushroom Gravy| Rich & Flavorful| Fooddata| Kaalan Kulambu| Lunch box idea| Spicy Kurma,301,1.3235,2,Monday,0.0
e98RVvyNTaU,Pasi Paruppu Payasam | பாசி பருப்பு பாயாசம் | Moong Dal Payasam in Tamil,287,3.9813,1,Tuesday,0.0
6vSicWV0aQ8,10 Simple and Smart Tips and Hacks to make your life easier | Useful Home & Kitchen Tips in Tamil,274,11.9735,2,Thursday,0.0
cpvbqFKE42o,கதம்ப முறுக்கு | தீபாவளி பலகாரம்- 3 | Kadambha Thenkuzhal | One more new recipe for Diwali,269,5.3426,4,Thursday,0.0
6hQrnr2mFX8,One of the Coffee Varieties | Instant Chocolate Coffee in just 3mins | Hot Chocolate Coffee in Tamil,243,5.0537,0,Tuesday,0.0
IrbSYU3Y5Ws,No one can answer any of the riddles | 10 Tough Riddles | மூளைக்கு வேலை தரும் விளையாட்டு,226,5.8876,-7,Saturday,0.0
0yXfdAW9Tzg,சித்தி! என் இரண்டாம் தாய் #bonding #friendship #tamilmotivation #ytshortstamil,208,0.6654,1,Friday,0.0
SyYP0Zp8kEM,அன்பின் பரிமாற்றம்🌸 Tamil motivational quotes#அழகு #அன்பு#கருணை #சந்தோஷம்#பரிசு#வாழ்க்கை #tamillove,97,0.257,0,Monday,0.0
b2vn8VThj3g,மறந்து போன சந்தோஷங்கள்|Tamil Motivational videos| நம்மை நாமே தேடும் நொடி #motivation #ytshortstamil,92,0.2404,0,Friday,0.0
DG0OKkdeGyo,"April 27, 2020",25,2.1124,2,,
